name,Snippet,description,longitude,latitude,altitude
Peterborough Airport,,"<br>Source: Wikipedia article <a href=""https://en.wikipedia.org/wiki/Peterborough_Airport"">Peterborough Airport</a>",-78.3633333333333,44.2305555555556,0
London International Airport,,"<br>Source: Wikipedia article <a href=""https://en.wikipedia.org/wiki/List_of_airports_in_Ontario"">List of airports in Ontario</a>",-81.1511111111111,43.0330555555556,0
Ottawa Macdonald-Cartier International Airport,,"<br>Source: Wikipedia article <a href=""https://en.wikipedia.org/wiki/List_of_airports_in_Ontario"">List of airports in Ontario</a>",-75.6691666666667,45.3225,0
Thunder Bay International Airport,,"<br>Source: Wikipedia article <a href=""https://en.wikipedia.org/wiki/List_of_airports_in_Ontario"">List of airports in Ontario</a>",-89.3238888888889,48.3719444444444,0
Toronto Pearson International Airport,,"<br>Source: Wikipedia article <a href=""https://en.wikipedia.org/wiki/List_of_airports_in_Ontario"">List of airports in Ontario</a>",-79.6305555555555,43.6772222222222,0
Alliston Airport,,"<br>Source: Wikipedia article <a href=""https://en.wikipedia.org/wiki/List_of_airports_in_Ontario"">List of airports in Ontario</a>",-79.8333333333333,44.1833333333333,0
Armstrong Airport,,"<br>Source: Wikipedia article <a href=""https://en.wikipedia.org/wiki/List_of_airports_in_Ontario"">List of airports in Ontario</a>",-88.91,50.2938888888889,0
Arnprior/South Renfrew Municipal Airport,,"<br>Source: Wikipedia article <a href=""https://en.wikipedia.org/wiki/List_of_airports_in_Ontario"">List of airports in Ontario</a>",-76.3658333333333,45.4136111111111,0
Attawapiskat Airport,,"<br>Source: Wikipedia article <a href=""https://en.wikipedia.org/wiki/List_of_airports_in_Ontario"">List of airports in Ontario</a>",-82.4319444444445,52.9275,0
Atwood/Coghlin Airport,,"<br>Source: Wikipedia article <a href=""https://en.wikipedia.org/wiki/List_of_airports_in_Ontario"">List of airports in Ontario</a>",-81.0044444444444,43.6833333333333,0
Baldwin Airport,,"<br>Source: Wikipedia article <a href=""https://en.wikipedia.org/wiki/List_of_airports_in_Ontario"">List of airports in Ontario</a>",-79.3405555555556,44.2672222222222,0
Bancroft Airport,,"<br>Source: Wikipedia article <a href=""https://en.wikipedia.org/wiki/List_of_airports_in_Ontario"">List of airports in Ontario</a>",-77.8805555555555,45.0730555555556,0
Lake Simcoe Regional Airport,,"<br>Source: Wikipedia article <a href=""https://en.wikipedia.org/wiki/List_of_airports_in_Ontario"">List of airports in Ontario</a>",-79.5555555555556,44.4852777777778,0
Bar River Airport,,"<br>Source: Wikipedia article <a href=""https://en.wikipedia.org/wiki/List_of_airports_in_Ontario"">List of airports in Ontario</a>",-84.0922222222222,46.4202777777778,0
Bearskin Lake Airport,,"<br>Source: Wikipedia article <a href=""https://en.wikipedia.org/wiki/List_of_airports_in_Ontario"">List of airports in Ontario</a>",-91.0272222222222,53.9655555555556,0
Belleville Airport,,"<br>Source: Wikipedia article <a href=""https://en.wikipedia.org/wiki/List_of_airports_in_Ontario"">List of airports in Ontario</a>",-77.3094444444444,44.1922222222222,0
Bolton Heliport,,"<br>Source: Wikipedia article <a href=""https://en.wikipedia.org/wiki/List_of_airports_in_Ontario"">List of airports in Ontario</a>",-79.6947222222222,43.8516666666667,0
Brampton Airport,,"<br>Source: Wikipedia article <a href=""https://en.wikipedia.org/wiki/List_of_airports_in_Ontario"">List of airports in Ontario</a>",-79.875,43.7602777777778,0
Brantford Airport,,"<br>Source: Wikipedia article <a href=""https://en.wikipedia.org/wiki/List_of_airports_in_Ontario"">List of airports in Ontario</a>",-80.3425,43.1313888888889,0
Brockville-Thousand Islands Regional Tackaberry Airport,,"<br>Source: Wikipedia article <a href=""https://en.wikipedia.org/wiki/List_of_airports_in_Ontario"">List of airports in Ontario</a>",-75.7502777777778,44.6394444444444,0
Brussels (Armstrong Field) Airport,,"<br>Source: Wikipedia article <a href=""https://en.wikipedia.org/wiki/List_of_airports_in_Ontario"">List of airports in Ontario</a>",-81.2333333333333,43.75,0
Buttonville Municipal Airport,,"<br>Source: Wikipedia article <a href=""https://en.wikipedia.org/wiki/List_of_airports_in_Ontario"">List of airports in Ontario</a>",-79.37,43.8622222222222,0
Cambridge/Reid's Field Airport,,"<br>Source: Wikipedia article <a href=""https://en.wikipedia.org/wiki/List_of_airports_in_Ontario"">List of airports in Ontario</a>",-80.2322222222222,43.4427777777778,0
Carey Lake Airport,,"<br>Source: Wikipedia article <a href=""https://en.wikipedia.org/wiki/List_of_airports_in_Ontario"">List of airports in Ontario</a>",-84.0333333333333,49.75,0
Carleton Place Airport,,"<br>Source: Wikipedia article <a href=""https://en.wikipedia.org/wiki/List_of_airports_in_Ontario"">List of airports in Ontario</a>",-76.1233333333333,45.1038888888889,0
Carp Airport,,"<br>Source: Wikipedia article <a href=""https://en.wikipedia.org/wiki/List_of_airports_in_Ontario"">List of airports in Ontario</a>",-76.0222222222222,45.3225,0
Cat Lake Airport,,"<br>Source: Wikipedia article <a href=""https://en.wikipedia.org/wiki/List_of_airports_in_Ontario"">List of airports in Ontario</a>",-91.8244444444444,51.7272222222222,0
Chapleau Airport,,"<br>Source: Wikipedia article <a href=""https://en.wikipedia.org/wiki/List_of_airports_in_Ontario"">List of airports in Ontario</a>",-83.3466666666667,47.82,0
Chatham-Kent Airport,,"<br>Source: Wikipedia article <a href=""https://en.wikipedia.org/wiki/List_of_airports_in_Ontario"">List of airports in Ontario</a>",-82.0819444444444,42.3063888888889,0
Cobden/Bruce McPhail Memorial Airport,,"<br>Source: Wikipedia article <a href=""https://en.wikipedia.org/wiki/List_of_airports_in_Ontario"">List of airports in Ontario</a>",-76.8333333333333,45.595,0
Cochrane Airport,,"<br>Source: Wikipedia article <a href=""https://en.wikipedia.org/wiki/List_of_airports_in_Ontario"">List of airports in Ontario</a>",-81.0136111111111,49.1055555555556,0
Collingwood Airport,,"<br>Source: Wikipedia article <a href=""https://en.wikipedia.org/wiki/List_of_airports_in_Ontario"">List of airports in Ontario</a>",-80.1583333333333,44.4491666666667,0
Cookstown Airport,,"<br>Source: Wikipedia article <a href=""https://en.wikipedia.org/wiki/List_of_airports_in_Ontario"">List of airports in Ontario</a>",-79.6388888888889,44.2388888888889,0
Cornwall Regional Airport,,"<br>Source: Wikipedia article <a href=""https://en.wikipedia.org/wiki/List_of_airports_in_Ontario"">List of airports in Ontario</a>",-74.5677777777778,45.0927777777778,0
Cottam Airport,,"<br>Source: Wikipedia article <a href=""https://en.wikipedia.org/wiki/List_of_airports_in_Ontario"">List of airports in Ontario</a>",-82.6527777777778,42.14,0
Deep River/Rolph Airport,,"<br>Source: Wikipedia article <a href=""https://en.wikipedia.org/wiki/List_of_airports_in_Ontario"">List of airports in Ontario</a>",-77.5333333333333,46.1166666666667,0
Deer Lake Airport,,"<br>Source: Wikipedia article <a href=""https://en.wikipedia.org/wiki/List_of_airports_in_Ontario"">List of airports in Ontario</a>",-94.0613888888889,52.6558333333333,0
De Lesseps Lake Airport,,"<br>Source: Wikipedia article <a href=""https://en.wikipedia.org/wiki/List_of_airports_in_Ontario"">List of airports in Ontario</a>",-90.6836111111111,50.7175,0
Dryden Regional Airport,,"<br>Source: Wikipedia article <a href=""https://en.wikipedia.org/wiki/List_of_airports_in_Ontario"">List of airports in Ontario</a>",-92.7436111111111,49.8313888888889,0
Fort Hope Airport,,"<br>Source: Wikipedia article <a href=""https://en.wikipedia.org/wiki/List_of_airports_in_Ontario"">List of airports in Ontario</a>",-87.9077777777778,51.5619444444444,0
Earlton - Timiskaming Regional Airport,,"<br>Source: Wikipedia article <a href=""https://en.wikipedia.org/wiki/List_of_airports_in_Ontario"">List of airports in Ontario</a>",-79.8488888888889,47.695,0
Edenvale Airport,,"<br>Source: Wikipedia article <a href=""https://en.wikipedia.org/wiki/List_of_airports_in_Ontario"">List of airports in Ontario</a>",-79.9627777777778,44.4411111111111,0
Elk Lake Airport,,"<br>Source: Wikipedia article <a href=""https://en.wikipedia.org/wiki/List_of_airports_in_Ontario"">List of airports in Ontario</a>",-80.3158333333333,47.7286111111111,0
Elliot Lake Municipal Airport,,"<br>Source: Wikipedia article <a href=""https://en.wikipedia.org/wiki/List_of_airports_in_Ontario"">List of airports in Ontario</a>",-82.5613888888889,46.3513888888889,0
Elmira Airport,,"<br>Source: Wikipedia article <a href=""https://en.wikipedia.org/wiki/List_of_airports_in_Ontario"">List of airports in Ontario</a>",-80.6030555555556,43.5847222222222,0
Elmira (East) Airport,,"<br>Source: Wikipedia article <a href=""https://en.wikipedia.org/wiki/List_of_airports_in_Ontario"">List of airports in Ontario</a>",-80.5122222222222,43.5919444444444,0
Emsdale Airport,,"<br>Source: Wikipedia article <a href=""https://en.wikipedia.org/wiki/List_of_airports_in_Ontario"">List of airports in Ontario</a>",-79.35,45.55,0
Essex Airport,,"<br>Source: Wikipedia article <a href=""https://en.wikipedia.org/wiki/List_of_airports_in_Ontario"">List of airports in Ontario</a>",-82.8794444444444,42.0958333333333,0
Ethel Airport,,"<br>Source: Wikipedia article <a href=""https://en.wikipedia.org/wiki/List_of_airports_in_Ontario"">List of airports in Ontario</a>",-81.1772222222222,43.7447222222222,0
Sexsmith/Exeter Airport,,"<br>Source: Wikipedia article <a href=""https://en.wikipedia.org/wiki/List_of_airports_in_Ontario"">List of airports in Ontario</a>",-81.5041666666667,43.3772222222222,0
Fergus (Juergensen Field) Airport,,"<br>Source: Wikipedia article <a href=""https://en.wikipedia.org/wiki/List_of_airports_in_Ontario"">List of airports in Ontario</a>",-80.4472222222222,43.735,0
Fordwich Airport,,"<br>Source: Wikipedia article <a href=""https://en.wikipedia.org/wiki/List_of_airports_in_Ontario"">List of airports in Ontario</a>",-80.9952777777778,43.8880555555556,0
Fort Albany Airport,,"<br>Source: Wikipedia article <a href=""https://en.wikipedia.org/wiki/List_of_airports_in_Ontario"">List of airports in Ontario</a>",-81.6969444444445,52.2013888888889,0
Fort Severn Airport,,"<br>Source: Wikipedia article <a href=""https://en.wikipedia.org/wiki/List_of_airports_in_Ontario"">List of airports in Ontario</a>",-87.6761111111111,56.0188888888889,0
Gananoque Airport,,"<br>Source: Wikipedia article <a href=""https://en.wikipedia.org/wiki/List_of_airports_in_Ontario"">List of airports in Ontario</a>",-76.2441666666667,44.4019444444444,0
Ganonoque Heliport,,"<br>Source: Wikipedia article <a href=""https://en.wikipedia.org/wiki/List_of_airports_in_Ontario"">List of airports in Ontario</a>",-76.1744444444444,44.3469444444444,0
Geraldton (Greenstone Regional) Airport,,"<br>Source: Wikipedia article <a href=""https://en.wikipedia.org/wiki/List_of_airports_in_Ontario"">List of airports in Ontario</a>",-86.9394444444444,49.7783333333333,0
Goderich Airport,,"<br>Source: Wikipedia article <a href=""https://en.wikipedia.org/wiki/List_of_airports_in_Ontario"">List of airports in Ontario</a>",-81.7105555555556,43.7669444444444,0
Gore Bay-Manitoulin Airport,,"<br>Source: Wikipedia article <a href=""https://en.wikipedia.org/wiki/List_of_airports_in_Ontario"">List of airports in Ontario</a>",-82.5672222222222,45.8816666666667,0
Grand Bend Airport,,"<br>Source: Wikipedia article <a href=""https://en.wikipedia.org/wiki/List_of_airports_in_Ontario"">List of airports in Ontario</a>",-81.7141666666667,43.2869444444444,0
Sudbury Airport,,"<br>Source: Wikipedia article <a href=""https://en.wikipedia.org/wiki/List_of_airports_in_Ontario"">List of airports in Ontario</a>",-80.7988888888889,46.625,0
Sudbury/Coniston Airport,,"<br>Source: Wikipedia article <a href=""https://en.wikipedia.org/wiki/List_of_airports_in_Ontario"">List of airports in Ontario</a>",-80.8338888888889,46.4822222222222,0
Greenbank Airport,,"<br>Source: Wikipedia article <a href=""https://en.wikipedia.org/wiki/List_of_airports_in_Ontario"">List of airports in Ontario</a>",-79.0127777777778,44.1336111111111,0
Guelph Airport,,"<br>Source: Wikipedia article <a href=""https://en.wikipedia.org/wiki/List_of_airports_in_Ontario"">List of airports in Ontario</a>",-80.1958333333333,43.5636111111111,0
Haliburton/Stanhope Municipal Airport,,"<br>Source: Wikipedia article <a href=""https://en.wikipedia.org/wiki/List_of_airports_in_Ontario"">List of airports in Ontario</a>",-78.64,45.1108333333333,0
John C. Munro Hamilton International Airport,,"<br>Source: Wikipedia article <a href=""https://en.wikipedia.org/wiki/List_of_airports_in_Ontario"">List of airports in Ontario</a>",-79.935,43.1736111111111,0
Hanover/Saugeen Municipal Airport,,"<br>Source: Wikipedia article <a href=""https://en.wikipedia.org/wiki/List_of_airports_in_Ontario"">List of airports in Ontario</a>",-81.0627777777778,44.1583333333333,0
Harrow Airport,,"<br>Source: Wikipedia article <a href=""https://en.wikipedia.org/wiki/List_of_airports_in_Ontario"">List of airports in Ontario</a>",-82.8408333333333,42.0594444444444,0
Hawkesbury Airport,,"<br>Source: Wikipedia article <a href=""https://en.wikipedia.org/wiki/List_of_airports_in_Ontario"">List of airports in Ontario</a>",-74.65,45.6166666666667,0
Hawkesbury (East) Airport,,"<br>Source: Wikipedia article <a href=""https://en.wikipedia.org/wiki/List_of_airports_in_Ontario"">List of airports in Ontario</a>",-74.5488888888889,45.5827777777778,0
Hearst (Ren√© Fontaine) Municipal Airport,,"<br>Source: Wikipedia article <a href=""https://en.wikipedia.org/wiki/List_of_airports_in_Ontario"">List of airports in Ontario</a>",-83.6869444444444,49.7138888888889,0
Highgate Airport,,"<br>Source: Wikipedia article <a href=""https://en.wikipedia.org/wiki/List_of_airports_in_Ontario"">List of airports in Ontario</a>",-81.8030555555556,42.5544444444444,0
Hornepayne Municipal Airport,,"<br>Source: Wikipedia article <a href=""https://en.wikipedia.org/wiki/List_of_airports_in_Ontario"">List of airports in Ontario</a>",-84.7588888888889,49.1930555555556,0
Ignace Municipal Airport,,"<br>Source: Wikipedia article <a href=""https://en.wikipedia.org/wiki/List_of_airports_in_Ontario"">List of airports in Ontario</a>",-91.7177777777778,49.4297222222222,0
Iroquois Airport,,"<br>Source: Wikipedia article <a href=""https://en.wikipedia.org/wiki/List_of_airports_in_Ontario"">List of airports in Ontario</a>",-75.3122222222222,44.8419444444444,0
Iroquois Falls Airport,,"<br>Source: Wikipedia article <a href=""https://en.wikipedia.org/wiki/List_of_airports_in_Ontario"">List of airports in Ontario</a>",-80.7933333333333,48.7416666666667,0
Kakabeka Falls Airport,,"<br>Source: Wikipedia article <a href=""https://en.wikipedia.org/wiki/List_of_airports_in_Ontario"">List of airports in Ontario</a>",-89.6019444444444,48.4183333333333,0
Kapuskasing Airport,,"<br>Source: Wikipedia article <a href=""https://en.wikipedia.org/wiki/List_of_airports_in_Ontario"">List of airports in Ontario</a>",-82.4694444444444,49.4116666666667,0
Kasabonika Airport,,"<br>Source: Wikipedia article <a href=""https://en.wikipedia.org/wiki/List_of_airports_in_Ontario"">List of airports in Ontario</a>",-88.6430555555556,53.5247222222222,0
Kashechewan Airport,,"<br>Source: Wikipedia article <a href=""https://en.wikipedia.org/wiki/List_of_airports_in_Ontario"">List of airports in Ontario</a>",-81.6777777777778,52.2825,0
Keene/Elmhirst's Resort Airport,,"<br>Source: Wikipedia article <a href=""https://en.wikipedia.org/wiki/List_of_airports_in_Ontario"">List of airports in Ontario</a>",-78.1166666666667,44.25,0
Keewaywin Airport,,"<br>Source: Wikipedia article <a href=""https://en.wikipedia.org/wiki/List_of_airports_in_Ontario"">List of airports in Ontario</a>",-92.8363888888889,52.9911111111111,0
Kenora Airport,,"<br>Source: Wikipedia article <a href=""https://en.wikipedia.org/wiki/List_of_airports_in_Ontario"">List of airports in Ontario</a>",-94.3630555555555,49.7883333333333,0
Killarney Airport,,"<br>Source: Wikipedia article <a href=""https://en.wikipedia.org/wiki/List_of_airports_in_Ontario"">List of airports in Ontario</a>",-81.4947222222222,45.9775,0
Kincardine Airport,,"<br>Source: Wikipedia article <a href=""https://en.wikipedia.org/wiki/List_of_airports_in_Ontario"">List of airports in Ontario</a>",-81.6066666666667,44.2013888888889,0
Kincardine/Shepherd's Landing Airport,,"<br>Source: Wikipedia article <a href=""https://en.wikipedia.org/wiki/List_of_airports_in_Ontario"">List of airports in Ontario</a>",-81.6983333333333,44.1175,0
Kingfisher Lake Airport,,"<br>Source: Wikipedia article <a href=""https://en.wikipedia.org/wiki/List_of_airports_in_Ontario"">List of airports in Ontario</a>",-89.8552777777778,53.0125,0
Kingston Airport,,"<br>Source: Wikipedia article <a href=""https://en.wikipedia.org/wiki/List_of_airports_in_Ontario"">List of airports in Ontario</a>",-76.5844444444444,44.2263888888889,0
Kirkland Lake Airport,,"<br>Source: Wikipedia article <a href=""https://en.wikipedia.org/wiki/List_of_airports_in_Ontario"">List of airports in Ontario</a>",-79.9813888888889,48.2102777777778,0
Big Trout Lake Airport,,"<br>Source: Wikipedia article <a href=""https://en.wikipedia.org/wiki/List_of_airports_in_Ontario"">List of airports in Ontario</a>",-89.8969444444445,53.8177777777778,0
Leamington Airport,,"<br>Source: Wikipedia article <a href=""https://en.wikipedia.org/wiki/List_of_airports_in_Ontario"">List of airports in Ontario</a>",-82.525,42.0247222222222,0
Listowel Airport,,"<br>Source: Wikipedia article <a href=""https://en.wikipedia.org/wiki/List_of_airports_in_Ontario"">List of airports in Ontario</a>",-80.9913888888889,43.7427777777778,0
London/Chapeskie Field Airport,,"<br>Source: Wikipedia article <a href=""https://en.wikipedia.org/wiki/List_of_airports_in_Ontario"">List of airports in Ontario</a>",-81.1255555555556,43.0683333333333,0
Lucan Airport,,"<br>Source: Wikipedia article <a href=""https://en.wikipedia.org/wiki/List_of_airports_in_Ontario"">List of airports in Ontario</a>",-81.4125,43.1633333333333,0
Vermilion Bay Airport,,"<br>Source: Wikipedia article <a href=""https://en.wikipedia.org/wiki/List_of_airports_in_Ontario"">List of airports in Ontario</a>",-93.4363888888889,49.8797222222222,0
Manitouwadge Airport,,"<br>Source: Wikipedia article <a href=""https://en.wikipedia.org/wiki/List_of_airports_in_Ontario"">List of airports in Ontario</a>",-85.8605555555555,49.0838888888889,0
Manitowaning/Manitoulin East Municipal Airport,,"<br>Source: Wikipedia article <a href=""https://en.wikipedia.org/wiki/List_of_airports_in_Ontario"">List of airports in Ontario</a>",-81.8575,45.8425,0
Mansfield Airport,,"<br>Source: Wikipedia article <a href=""https://en.wikipedia.org/wiki/List_of_airports_in_Ontario"">List of airports in Ontario</a>",-80.0197222222222,44.15,0
Marathon Airport,,"<br>Source: Wikipedia article <a href=""https://en.wikipedia.org/wiki/List_of_airports_in_Ontario"">List of airports in Ontario</a>",-86.3444444444444,48.7552777777778,0
Markham Airport,,"<br>Source: Wikipedia article <a href=""https://en.wikipedia.org/wiki/List_of_airports_in_Ontario"">List of airports in Ontario</a>",-79.2622222222222,43.9358333333333,0
Ogoki Post Airport,,"<br>Source: Wikipedia article <a href=""https://en.wikipedia.org/wiki/List_of_airports_in_Ontario"">List of airports in Ontario</a>",-85.9016666666667,51.6586111111111,0
Mattawa Airport,,"<br>Source: Wikipedia article <a href=""https://en.wikipedia.org/wiki/List_of_airports_in_Ontario"">List of airports in Ontario</a>",-78.7477777777778,46.2997222222222,0
Melbourne Airport,,"<br>Source: Wikipedia article <a href=""https://en.wikipedia.org/wiki/List_of_airports_in_Ontario"">List of airports in Ontario</a>",-81.5486111111111,42.8241666666667,0
Midland/Huronia Airport,,"<br>Source: Wikipedia article <a href=""https://en.wikipedia.org/wiki/List_of_airports_in_Ontario"">List of airports in Ontario</a>",-79.9294444444444,44.6847222222222,0
Miminiska Airport,,"<br>Source: Wikipedia article <a href=""https://en.wikipedia.org/wiki/List_of_airports_in_Ontario"">List of airports in Ontario</a>",-88.5822222222222,51.6044444444444,0
Moosonee Airport,,"<br>Source: Wikipedia article <a href=""https://en.wikipedia.org/wiki/List_of_airports_in_Ontario"">List of airports in Ontario</a>",-80.6077777777778,51.2911111111111,0
Morrisburg Airport,,"<br>Source: Wikipedia article <a href=""https://en.wikipedia.org/wiki/List_of_airports_in_Ontario"">List of airports in Ontario</a>",-75.0833333333333,44.95,0
Trenton/Mountain View Airport,,"<br>Source: Wikipedia article <a href=""https://en.wikipedia.org/wiki/List_of_airports_in_Ontario"">List of airports in Ontario</a>",-77.3380555555556,44.0694444444444,0
Muskoka Airport,,"<br>Source: Wikipedia article <a href=""https://en.wikipedia.org/wiki/List_of_airports_in_Ontario"">List of airports in Ontario</a>",-79.3033333333333,44.9747222222222,0
Muskrat Dam Airport,,"<br>Source: Wikipedia article <a href=""https://en.wikipedia.org/wiki/List_of_airports_in_Ontario"">List of airports in Ontario</a>",-91.7627777777778,53.4413888888889,0
Opapimiskan Lake Airport,,"<br>Source: Wikipedia article <a href=""https://en.wikipedia.org/wiki/List_of_airports_in_Ontario"">List of airports in Ontario</a>",-90.3769444444444,52.6086111111111,0
Nakina Airport,,"<br>Source: Wikipedia article <a href=""https://en.wikipedia.org/wiki/List_of_airports_in_Ontario"">List of airports in Ontario</a>",-86.6963888888889,50.1827777777778,0
Lansdowne House Airport,,"<br>Source: Wikipedia article <a href=""https://en.wikipedia.org/wiki/List_of_airports_in_Ontario"">List of airports in Ontario</a>",-87.9341666666667,52.1955555555556,0
Nestor Falls Airport,,"<br>Source: Wikipedia article <a href=""https://en.wikipedia.org/wiki/List_of_airports_in_Ontario"">List of airports in Ontario</a>",-93.9169444444445,49.1402777777778,0
Niagara Falls/Niagara South Airport,,"<br>Source: Wikipedia article <a href=""https://en.wikipedia.org/wiki/List_of_airports_in_Ontario"">List of airports in Ontario</a>",-79.0636111111111,42.9994444444444,0
Summer Beaver Airport,,"<br>Source: Wikipedia article <a href=""https://en.wikipedia.org/wiki/List_of_airports_in_Ontario"">List of airports in Ontario</a>",-88.5419444444444,52.7086111111111,0
Nixon Airport,,"<br>Source: Wikipedia article <a href=""https://en.wikipedia.org/wiki/List_of_airports_in_Ontario"">List of airports in Ontario</a>",-80.3952777777778,42.8475,0
North Bay Airport,,"<br>Source: Wikipedia article <a href=""https://en.wikipedia.org/wiki/List_of_airports_in_Ontario"">List of airports in Ontario</a>",-79.4227777777778,46.3636111111111,0
Round Lake (Weagamow Lake) Airport,,"<br>Source: Wikipedia article <a href=""https://en.wikipedia.org/wiki/List_of_airports_in_Ontario"">List of airports in Ontario</a>",-91.3127777777778,52.9436111111111,0
North Spirit Lake Airport,,"<br>Source: Wikipedia article <a href=""https://en.wikipedia.org/wiki/List_of_airports_in_Ontario"">List of airports in Ontario</a>",-92.9711111111111,52.49,0
Oshawa Executive Airport,,"<br>Source: Wikipedia article <a href=""https://en.wikipedia.org/wiki/List_of_airports_in_Ontario"">List of airports in Ontario</a>",-78.895,43.9227777777778,0
Ottawa/Rockcliffe Airport,,"<br>Source: Wikipedia article <a href=""https://en.wikipedia.org/wiki/List_of_airports_in_Ontario"">List of airports in Ontario</a>",-75.6433333333333,45.4605555555556,0
Owen Sound/Billy Bishop Regional Airport,,"<br>Source: Wikipedia article <a href=""https://en.wikipedia.org/wiki/List_of_airports_in_Ontario"">List of airports in Ontario</a>",-80.8375,44.5902777777778,0
Parry Sound Area Municipal Airport,,"<br>Source: Wikipedia article <a href=""https://en.wikipedia.org/wiki/List_of_airports_in_Ontario"">List of airports in Ontario</a>",-79.8297222222222,45.2575,0
Peawanuck Airport,,"<br>Source: Wikipedia article <a href=""https://en.wikipedia.org/wiki/List_of_airports_in_Ontario"">List of airports in Ontario</a>",-85.4433333333333,54.9880555555556,0
Pelee Island Airport,,"<br>Source: Wikipedia article <a href=""https://en.wikipedia.org/wiki/List_of_airports_in_Ontario"">List of airports in Ontario</a>",-82.6780555555556,41.7783333333333,0
Pembroke Airport,,"<br>Source: Wikipedia article <a href=""https://en.wikipedia.org/wiki/List_of_airports_in_Ontario"">List of airports in Ontario</a>",-77.2516666666667,45.8644444444444,0
Pendleton Airport,,"<br>Source: Wikipedia article <a href=""https://en.wikipedia.org/wiki/List_of_airports_in_Ontario"">List of airports in Ontario</a>",-75.0961111111111,45.4861111111111,0
Peterborough Airport,,"<br>Source: Wikipedia article <a href=""https://en.wikipedia.org/wiki/List_of_airports_in_Ontario"">List of airports in Ontario</a>",-78.3633333333333,44.23,0
Pickle Lake Airport,,"<br>Source: Wikipedia article <a href=""https://en.wikipedia.org/wiki/List_of_airports_in_Ontario"">List of airports in Ontario</a>",-90.2141666666667,51.4463888888889,0
Picton Airport,,"<br>Source: Wikipedia article <a href=""https://en.wikipedia.org/wiki/List_of_airports_in_Ontario"">List of airports in Ontario</a>",-77.1391666666667,43.9891666666667,0
Pikangikum Airport,,"<br>Source: Wikipedia article <a href=""https://en.wikipedia.org/wiki/List_of_airports_in_Ontario"">List of airports in Ontario</a>",-93.9733333333333,51.8197222222222,0
Plevna/Tomvale Airport,,"<br>Source: Wikipedia article <a href=""https://en.wikipedia.org/wiki/List_of_airports_in_Ontario"">List of airports in Ontario</a>",-76.9358333333333,44.9161111111111,0
Poplar Hill Airport,,"<br>Source: Wikipedia article <a href=""https://en.wikipedia.org/wiki/List_of_airports_in_Ontario"">List of airports in Ontario</a>",-94.2555555555556,52.1133333333333,0
Port Colborne Airport,,"<br>Source: Wikipedia article <a href=""https://en.wikipedia.org/wiki/List_of_airports_in_Ontario"">List of airports in Ontario</a>",-79.3527777777778,42.8775,0
Port Elgin Airport,,"<br>Source: Wikipedia article <a href=""https://en.wikipedia.org/wiki/List_of_airports_in_Ontario"">List of airports in Ontario</a>",-81.4144444444445,44.4152777777778,0
Red Lake Airport,,"<br>Source: Wikipedia article <a href=""https://en.wikipedia.org/wiki/List_of_airports_in_Ontario"">List of airports in Ontario</a>",-93.7930555555556,51.0669444444444,0
Region of Waterloo International Airport,,"<br>Source: Wikipedia article <a href=""https://en.wikipedia.org/wiki/List_of_airports_in_Ontario"">List of airports in Ontario</a>",-80.3775,43.4588888888889,0
Rodney (New Glasgow) Airport,,"<br>Source: Wikipedia article <a href=""https://en.wikipedia.org/wiki/List_of_airports_in_Ontario"">List of airports in Ontario</a>",-81.6069444444444,42.5313888888889,0
Sachigo Lake Airport,,"<br>Source: Wikipedia article <a href=""https://en.wikipedia.org/wiki/List_of_airports_in_Ontario"">List of airports in Ontario</a>",-92.1963888888889,53.8911111111111,0
St. Catharines/Niagara District Airport,,"<br>Source: Wikipedia article <a href=""https://en.wikipedia.org/wiki/List_of_airports_in_Ontario"">List of airports in Ontario</a>",-79.1716666666667,43.1916666666667,0
St. Joseph Island Airport,,"<br>Source: Wikipedia article <a href=""https://en.wikipedia.org/wiki/List_of_airports_in_Ontario"">List of airports in Ontario</a>",-83.95,46.2833333333333,0
St. Thomas Municipal Airport,,"<br>Source: Wikipedia article <a href=""https://en.wikipedia.org/wiki/List_of_airports_in_Ontario"">List of airports in Ontario</a>",-81.1108333333333,42.77,0
Sandy Lake Airport,,"<br>Source: Wikipedia article <a href=""https://en.wikipedia.org/wiki/List_of_airports_in_Ontario"">List of airports in Ontario</a>",-93.3444444444444,53.0641666666667,0
Sarnia (Chris Hadfield) Airport,,"<br>Source: Wikipedia article <a href=""https://en.wikipedia.org/wiki/List_of_airports_in_Ontario"">List of airports in Ontario</a>",-82.3088888888889,42.9994444444444,0
Sault Ste. Marie Airport,,"<br>Source: Wikipedia article <a href=""https://en.wikipedia.org/wiki/List_of_airports_in_Ontario"">List of airports in Ontario</a>",-84.5094444444444,46.485,0
Simcoe (Dennison Field) Airport,,"<br>Source: Wikipedia article <a href=""https://en.wikipedia.org/wiki/List_of_airports_in_Ontario"">List of airports in Ontario</a>",-80.2658333333333,42.8191666666667,0
Sioux Lookout Airport,,"<br>Source: Wikipedia article <a href=""https://en.wikipedia.org/wiki/List_of_airports_in_Ontario"">List of airports in Ontario</a>",-91.9052777777778,50.1138888888889,0
Slate Falls Airport,,"<br>Source: Wikipedia article <a href=""https://en.wikipedia.org/wiki/List_of_airports_in_Ontario"">List of airports in Ontario</a>",-91.6655555555556,51.13,0
Smiths Falls-Montague (Russ Beach) Airport,,"<br>Source: Wikipedia article <a href=""https://en.wikipedia.org/wiki/List_of_airports_in_Ontario"">List of airports in Ontario</a>",-75.9405555555556,44.9458333333333,0
Southampton Airport,,"<br>Source: Wikipedia article <a href=""https://en.wikipedia.org/wiki/List_of_airports_in_Ontario"">List of airports in Ontario</a>",-81.3352777777778,44.4938888888889,0
Stoney Creek Airport,,"<br>Source: Wikipedia article <a href=""https://en.wikipedia.org/wiki/List_of_airports_in_Ontario"">List of airports in Ontario</a>",-79.7097222222222,43.1694444444444,0
Stoney Point (Le Cunff) Airport,,"<br>Source: Wikipedia article <a href=""https://en.wikipedia.org/wiki/List_of_airports_in_Ontario"">List of airports in Ontario</a>",-82.535,42.2955555555556,0
Stratford Municipal Airport,,"<br>Source: Wikipedia article <a href=""https://en.wikipedia.org/wiki/List_of_airports_in_Ontario"">List of airports in Ontario</a>",-80.9344444444445,43.4155555555556,0
Strathroy (Blue Yonder) Airport,,"<br>Source: Wikipedia article <a href=""https://en.wikipedia.org/wiki/List_of_airports_in_Ontario"">List of airports in Ontario</a>",-81.5916666666667,42.9658333333333,0
Teeswater (Thompson Field) Airport,,"<br>Source: Wikipedia article <a href=""https://en.wikipedia.org/wiki/List_of_airports_in_Ontario"">List of airports in Ontario</a>",-81.2719444444444,43.9483333333333,0
Temagami Water Aerodrome,,"<br>Source: Wikipedia article <a href=""https://en.wikipedia.org/wiki/List_of_airports_in_Ontario"">List of airports in Ontario</a>",-79.7933333333333,47.0625,0
Tillsonburg Airport,,"<br>Source: Wikipedia article <a href=""https://en.wikipedia.org/wiki/List_of_airports_in_Ontario"">List of airports in Ontario</a>",-80.7469444444445,42.9263888888889,0
Timmins Airport,,"<br>Source: Wikipedia article <a href=""https://en.wikipedia.org/wiki/List_of_airports_in_Ontario"">List of airports in Ontario</a>",-81.3766666666667,48.5697222222222,0
Tobermory Airport,,"<br>Source: Wikipedia article <a href=""https://en.wikipedia.org/wiki/List_of_airports_in_Ontario"">List of airports in Ontario</a>",-81.6286111111111,45.2216666666667,0
Billy Bishop Toronto City Airport,,"<br>Source: Wikipedia article <a href=""https://en.wikipedia.org/wiki/List_of_airports_in_Ontario"">List of airports in Ontario</a>",-79.3961111111111,43.6275,0
Downsview Airport,,"<br>Source: Wikipedia article <a href=""https://en.wikipedia.org/wiki/List_of_airports_in_Ontario"">List of airports in Ontario</a>",-79.4655555555556,43.7427777777778,0
Tottenham/Volk Airport,,"<br>Source: Wikipedia article <a href=""https://en.wikipedia.org/wiki/List_of_airports_in_Ontario"">List of airports in Ontario</a>",-79.7786111111111,43.9941666666667,0
Tyendinaga (Mohawk) Airport,,"<br>Source: Wikipedia article <a href=""https://en.wikipedia.org/wiki/List_of_airports_in_Ontario"">List of airports in Ontario</a>",-77.1077777777778,44.1847222222222,0
Wawa Airport,,"<br>Source: Wikipedia article <a href=""https://en.wikipedia.org/wiki/List_of_airports_in_Ontario"">List of airports in Ontario</a>",-84.7863888888889,47.9669444444444,0
Webequie Airport,,"<br>Source: Wikipedia article <a href=""https://en.wikipedia.org/wiki/List_of_airports_in_Ontario"">List of airports in Ontario</a>",-87.3752777777778,52.9594444444445,0
Niagara Central Dorothy Rungeling Airport,,"<br>Source: Wikipedia article <a href=""https://en.wikipedia.org/wiki/List_of_airports_in_Ontario"">List of airports in Ontario</a>",-79.3247222222222,42.98,0
Westport/Rideau Lakes Airport,,"<br>Source: Wikipedia article <a href=""https://en.wikipedia.org/wiki/List_of_airports_in_Ontario"">List of airports in Ontario</a>",-76.3986111111111,44.6655555555556,0
Wiarton Airport,,"<br>Source: Wikipedia article <a href=""https://en.wikipedia.org/wiki/List_of_airports_in_Ontario"">List of airports in Ontario</a>",-81.1072222222222,44.7458333333333,0
Windsor Airport,,"<br>Source: Wikipedia article <a href=""https://en.wikipedia.org/wiki/List_of_airports_in_Ontario"">List of airports in Ontario</a>",-82.9555555555556,42.2755555555556,0
Wunnumin Lake Airport,,"<br>Source: Wikipedia article <a href=""https://en.wikipedia.org/wiki/List_of_airports_in_Ontario"">List of airports in Ontario</a>",-89.2891666666667,52.8938888888889,0
Wyevale (Boker Field) Airport,,"<br>Source: Wikipedia article <a href=""https://en.wikipedia.org/wiki/List_of_airports_in_Ontario"">List of airports in Ontario</a>",-79.8788888888889,44.6552777777778,0
York Airport,,"<br>Source: Wikipedia article <a href=""https://en.wikipedia.org/wiki/List_of_airports_in_Ontario"">List of airports in Ontario</a>",-79.8525,43.0375,0
Fort Erie Airport,,"<br>Source: Wikipedia article <a href=""https://en.wikipedia.org/wiki/List_of_airports_in_Ontario"">List of airports in Ontario</a>",-78.9555555555556,42.9166666666667,0
Lefroy Airport,,"<br>Source: Wikipedia article <a href=""https://en.wikipedia.org/wiki/List_of_airports_in_Ontario"">List of airports in Ontario</a>",-79.55,44.3,0
Orton/Smith Field Airport,,"<br>Source: Wikipedia article <a href=""https://en.wikipedia.org/wiki/List_of_airports_in_Ontario"">List of airports in Ontario</a>",-80.2280555555556,43.775,0
Lindsay/Kawartha Lakes Municipal Airport,,"<br>Source: Wikipedia article <a href=""https://en.wikipedia.org/wiki/List_of_airports_in_Ontario"">List of airports in Ontario</a>",-78.7838888888889,44.3647222222222,0
Orillia Ramara Regional Airport,,"<br>Source: Wikipedia article <a href=""https://en.wikipedia.org/wiki/List_of_airports_in_Ontario"">List of airports in Ontario</a>",-79.3097222222222,44.6775,0
Gatineau-Ottawa Executive Airport,,"<br>Source: Wikipedia article <a href=""https://en.wikipedia.org/wiki/List_of_airports_in_the_Ottawa_area"">List of airports in the Ottawa area</a>",-75.5641666666667,45.5213888888889,0
Ottawa/Rockcliffe Airport,,"<br>Source: Wikipedia article <a href=""https://en.wikipedia.org/wiki/List_of_airports_in_the_Ottawa_area"">List of airports in the Ottawa area</a>",-75.6461111111111,45.4602777777778,0