Year/Année,Month/Mois,Municipality/Municipalité,Totals / Totaux
2021,JAN,ADDINGTON HIGHLANDS,7
2021,JAN,AJAX,79
2021,JAN,AKWESASNE MOHAWK TERRITORY,6
2021,JAN,ALFRED PLANTAGENET,6
2021,JAN,AMHERSTBURG,10
2021,JAN,ARNPRIOR,17
2021,JAN,AURORA,25
2021,JAN,BANCROFT,15
2021,JAN,BARRIE,237
2021,JAN,BELLEVILLE,75
2021,JAN,BLUEWATER,8
2021,JAN,BRACEBRIDGE,23
2021,JAN,BRADFORD WEST GWILLIMBURY,19
2021,JAN,BRAMPTON,286
2021,JAN,BRANT,15
2021,JAN,BRANTFORD,105
2021,JAN,BROCK,9
2021,JAN,BROCKTON,11
2021,JAN,BROCKVILLE,40
2021,JAN,BURLINGTON,159
2021,JAN,CALEDON,33
2021,JAN,CAMBRIDGE,85
2021,JAN,CARLETON PLACE,12
2021,JAN,CENTRAL HURON,7
2021,JAN,CENTRAL MANITOULIN,6
2021,JAN,CENTRE WELLINGTON,26
2021,JAN,CHATHAM-KENT,120
2021,JAN,CLARINGTON,41
2021,JAN,CLEARVIEW,7
2021,JAN,COBOURG,56
2021,JAN,COLLINGWOOD,52
2021,JAN,CORNWALL,94
2021,JAN,DRYDEN,11
2021,JAN,DYSART ET AL,7
2021,JAN,EAST GWILLIMBURY,7
2021,JAN,EAST ZORRA-TAVISTOCK,12
2021,JAN,ELIZABETHTOWN-KITLEY,6
2021,JAN,ELLIOT LAKE,24
2021,JAN,ESPANOLA,7
2021,JAN,ESSA,8
2021,JAN,ESSEX,9
2021,JAN,FORT ERIE,41
2021,JAN,FORT FRANCES,11
2021,JAN,GANANOQUE,8
2021,JAN,GEORGINA,14
2021,JAN,GODERICH,14
2021,JAN,GREATER NAPANEE,13
2021,JAN,GREATER SUDBURY,162
2021,JAN,GREY HIGHLANDS,10
2021,JAN,GRIMSBY,27
2021,JAN,GUELPH,132
2021,JAN,HALDIMAND COUNTY,33
2021,JAN,HALTON HILLS,54
2021,JAN,HAMILTON,552
2021,JAN,HAMILTON TWP,6
2021,JAN,HANOVER,11
2021,JAN,HAWKESBURY,27
2021,JAN,HUNTSVILLE,23
2021,JAN,HURON EAST,9
2021,JAN,INGERSOLL,9
2021,JAN,INNISFIL,12
2021,JAN,KAPUSKASING,22
2021,JAN,KAWARTHA LAKES,80
2021,JAN,KENORA,14
2021,JAN,KINCARDINE,6
2021,JAN,KINGSTON,145
2021,JAN,KIRKLAND LAKE,9
2021,JAN,KITCHENER,233
2021,JAN,LAKESHORE,11
2021,JAN,LEAMINGTON,68
2021,JAN,LINCOLN,19
2021,JAN,LONDON,419
2021,JAN,LOYALIST,7
2021,JAN,MARKHAM,139
2021,JAN,MEAFORD,9
2021,JAN,MIDDLESEX CENTRE,42
2021,JAN,MIDLAND,44
2021,JAN,MILTON,44
2021,JAN,MINDEN HILLS,6
2021,JAN,MINTO,13
2021,JAN,MISSISSAUGA,473
2021,JAN,MISSISSIPPI MILLS,7
2021,JAN,MUSKOKA LAKES,10
2021,JAN,NE MANITOULIN  AND THE ISLANDS,9
2021,JAN,NEW TECUMSETH,26
2021,JAN,NEWMARKET,126
2021,JAN,NIAGARA FALLS,137
2021,JAN,NIAGARA-ON-THE-LAKE,20
2021,JAN,NORFOLK COUNTY,51
2021,JAN,NORTH BAY,75
2021,JAN,NORTH DUNDAS,21
2021,JAN,NORTH GLENGARRY,17
2021,JAN,NORTH GRENVILLE,12
2021,JAN,NORTH HURON,10
2021,JAN,NORTH PERTH,18
2021,JAN,OAKVILLE,136
2021,JAN,ORANGEVILLE,40
2021,JAN,ORILLIA,70
2021,JAN,ORO-MEDONTE,8
2021,JAN,OSHAWA,227
2021,JAN,OTTAWA,672
2021,JAN,OWEN SOUND,39
2021,JAN,PARRY SOUND,26
2021,JAN,PELHAM,15
2021,JAN,PEMBROKE,33
2021,JAN,PENETANGUISHENE,10
2021,JAN,PERTH,21
2021,JAN,PERTH EAST,6
2021,JAN,PETERBOROUGH,147
2021,JAN,PETROLIA,8
2021,JAN,PICKERING,20
2021,JAN,PORT COLBORNE,16
2021,JAN,PORT HOPE,10
2021,JAN,POWASSAN,8
2021,JAN,PRINCE EDWARD,21
2021,JAN,PUSLINCH,6
2021,JAN,QUINTE WEST,25
2021,JAN,RENFREW,38
2021,JAN,RICHMOND HILL,160
2021,JAN,SARNIA,92
2021,JAN,SAUGEEN SHORES,8
2021,JAN,SAULT STE MARIE,92
2021,JAN,SCUGOG,27
2021,JAN,SIX NATIONS OF THE GRAND RIVER,7
2021,JAN,SMITHS FALLS,17
2021,JAN,SOUTH GLENGARRY,12
2021,JAN,SOUTH HURON,11
2021,JAN,SOUTH STORMONT,6
2021,JAN,SOUTHWEST MIDDLESEX,7
2021,JAN,SPRINGWATER,7
2021,JAN,ST CATHARINES,300
2021,JAN,ST MARYS,13
2021,JAN,ST THOMAS,61
2021,JAN,STRATFORD,51
2021,JAN,STRATHROY-CARADOC,25
2021,JAN,TECUMSEH,13
2021,JAN,TEMISKAMING SHORES,13
2021,JAN,THE BLUE MOUNTAINS,6
2021,JAN,THOROLD,6
2021,JAN,THUNDER BAY,134
2021,JAN,TILLSONBURG,45
2021,JAN,TIMMINS,35
2021,JAN,TORONTO,2384
2021,JAN,TRENT HILLS,24
2021,JAN,UXBRIDGE,10
2021,JAN,VAUGHAN,74
2021,JAN,WASAGA BEACH,11
2021,JAN,WATERLOO,32
2021,JAN,WELLAND,99
2021,JAN,WELLINGTON NORTH,20
2021,JAN,WEST GREY,8
2021,JAN,WEST NIPISSING,8
2021,JAN,WHITBY,43
2021,JAN,WHITCHURCH-STOUFFVILLE,14
2021,JAN,WILMOT,9
2021,JAN,WINDSOR,391
2021,JAN,WOODSTOCK,46
2021,JAN,WOOLWICH,14
2021,FEB,AJAX,61
2021,FEB,ARNPRIOR,9
2021,FEB,ARRAN-ELDERSLIE,6
2021,FEB,AURORA,10
2021,FEB,BANCROFT,8
2021,FEB,BARRIE,149
2021,FEB,BELLEVILLE,72
2021,FEB,BRACEBRIDGE,18
2021,FEB,BRADFORD WEST GWILLIMBURY,16
2021,FEB,BRAMPTON,212
2021,FEB,BRANT,14
2021,FEB,BRANTFORD,123
2021,FEB,BROCK,9
2021,FEB,BROCKTON,7
2021,FEB,BROCKVILLE,45
2021,FEB,BURLINGTON,111
2021,FEB,CALEDON,21
2021,FEB,CAMBRIDGE,77
2021,FEB,CARLETON PLACE,10
2021,FEB,CENTRAL ELGIN,9
2021,FEB,CENTRAL HURON,8
2021,FEB,CENTRE WELLINGTON,29
2021,FEB,CHATHAM-KENT,103
2021,FEB,CLARENCE-ROCKLAND,11
2021,FEB,CLARINGTON,57
2021,FEB,COBOURG,43
2021,FEB,COLLINGWOOD,35
2021,FEB,CORNWALL,57
2021,FEB,DRYDEN,8
2021,FEB,DYSART ET AL,7
2021,FEB,EAST GWILLIMBURY,6
2021,FEB,EAST ZORRA-TAVISTOCK,6
2021,FEB,ELLIOT LAKE,15
2021,FEB,ESSEX,9
2021,FEB,FORT ERIE,23
2021,FEB,FORT FRANCES,9
2021,FEB,GANANOQUE,7
2021,FEB,GEORGINA,13
2021,FEB,GODERICH,8
2021,FEB,GRAVENHURST,6
2021,FEB,GREATER NAPANEE,22
2021,FEB,GREATER SUDBURY,157
2021,FEB,GREY HIGHLANDS,7
2021,FEB,GRIMSBY,27
2021,FEB,GUELPH,107
2021,FEB,HALDIMAND COUNTY,30
2021,FEB,HALTON HILLS,39
2021,FEB,HAMILTON,457
2021,FEB,HANOVER,14
2021,FEB,HAWKESBURY,24
2021,FEB,HEARST,6
2021,FEB,HUNTSVILLE,28
2021,FEB,HURON EAST,10
2021,FEB,INGERSOLL,9
2021,FEB,INNISFIL,7
2021,FEB,IROQUOIS FALLS,6
2021,FEB,KAPUSKASING,20
2021,FEB,KAWARTHA LAKES,75
2021,FEB,KENORA,21
2021,FEB,KINCARDINE,14
2021,FEB,KINGSTON,135
2021,FEB,KINGSVILLE,14
2021,FEB,KIRKLAND LAKE,11
2021,FEB,KITCHENER,223
2021,FEB,LASALLE,6
2021,FEB,LEAMINGTON,40
2021,FEB,LINCOLN,20
2021,FEB,LONDON,340
2021,FEB,LOYALIST,9
2021,FEB,MADAWASKA VALLEY,7
2021,FEB,MARKHAM,130
2021,FEB,MEAFORD,10
2021,FEB,MIDDLESEX CENTRE,10
2021,FEB,MIDLAND,37
2021,FEB,MILTON,52
2021,FEB,MINTO,19
2021,FEB,MISSISSAUGA,393
2021,FEB,MISSISSIPPI MILLS,19
2021,FEB,NEW TECUMSETH,25
2021,FEB,NEWMARKET,102
2021,FEB,NIAGARA FALLS,80
2021,FEB,NIAGARA-ON-THE-LAKE,11
2021,FEB,NORFOLK COUNTY,47
2021,FEB,NORTH BAY,56
2021,FEB,NORTH DUNDAS,7
2021,FEB,NORTH GLENGARRY,11
2021,FEB,NORTH GRENVILLE,8
2021,FEB,NORTH HURON,7
2021,FEB,NORTH PERTH,13
2021,FEB,OAKVILLE,118
2021,FEB,ORANGEVILLE,29
2021,FEB,ORILLIA,61
2021,FEB,OSHAWA,172
2021,FEB,OTTAWA,598
2021,FEB,OWEN SOUND,39
2021,FEB,PARRY SOUND,22
2021,FEB,PELHAM,12
2021,FEB,PEMBROKE,32
2021,FEB,PENETANGUISHENE,17
2021,FEB,PERTH,17
2021,FEB,PERTH EAST,8
2021,FEB,PETERBOROUGH,103
2021,FEB,PICKERING,14
2021,FEB,PORT COLBORNE,25
2021,FEB,PORT HOPE,11
2021,FEB,PRINCE EDWARD,24
2021,FEB,QUINTE WEST,21
2021,FEB,RENFREW,13
2021,FEB,RICHMOND HILL,140
2021,FEB,RUSSELL,6
2021,FEB,SARNIA,84
2021,FEB,SAUGEEN SHORES,11
2021,FEB,SAULT STE MARIE,86
2021,FEB,SCUGOG,18
2021,FEB,SEVERN,8
2021,FEB,SMITHS FALLS,11
2021,FEB,SOUTH BRUCE PENINSULA,6
2021,FEB,SOUTH HURON,9
2021,FEB,SOUTH STORMONT,13
2021,FEB,SPRINGWATER,7
2021,FEB,ST CATHARINES,177
2021,FEB,ST MARYS,8
2021,FEB,ST THOMAS,36
2021,FEB,STRATFORD,31
2021,FEB,STRATHROY-CARADOC,22
2021,FEB,TECUMSEH,7
2021,FEB,TEMISKAMING SHORES,10
2021,FEB,THUNDER BAY,129
2021,FEB,TILLSONBURG,20
2021,FEB,TIMMINS,40
2021,FEB,TORONTO,1823
2021,FEB,TRENT HILLS,25
2021,FEB,TWEED,6
2021,FEB,UXBRIDGE,21
2021,FEB,VAUGHAN,70
2021,FEB,WASAGA BEACH,6
2021,FEB,WATERLOO,33
2021,FEB,WELLAND,59
2021,FEB,WELLINGTON NORTH,19
2021,FEB,WEST GREY,7
2021,FEB,WEST PERTH,7
2021,FEB,WHITBY,38
2021,FEB,WHITCHURCH-STOUFFVILLE,15
2021,FEB,WINDSOR,271
2021,FEB,WOODSTOCK,58
2021,FEB,WOOLWICH,8
2021,MAR,AJAX,52
2021,MAR,ARNPRIOR,9
2021,MAR,ARRAN-ELDERSLIE,7
2021,MAR,AURORA,9
2021,MAR,BANCROFT,10
2021,MAR,BARRIE,150
2021,MAR,BELLEVILLE,67
2021,MAR,BLIND RIVER,7
2021,MAR,BLUEWATER,6
2021,MAR,BRACEBRIDGE,20
2021,MAR,BRADFORD WEST GWILLIMBURY,14
2021,MAR,BRAMPTON,247
2021,MAR,BRANT,14
2021,MAR,BRANTFORD,126
2021,MAR,BROCK,8
2021,MAR,BROCKTON,8
2021,MAR,BROCKVILLE,34
2021,MAR,BURLINGTON,128
2021,MAR,CALEDON,21
2021,MAR,CAMBRIDGE,57
2021,MAR,CARLETON PLACE,10
2021,MAR,CENTRAL HURON,6
2021,MAR,CENTRE WELLINGTON,29
2021,MAR,CHATHAM-KENT,100
2021,MAR,CLARENCE-ROCKLAND,11
2021,MAR,CLARINGTON,53
2021,MAR,CLEARVIEW,7
2021,MAR,COBOURG,37
2021,MAR,COCHRANE,8
2021,MAR,COLLINGWOOD,37
2021,MAR,CORNWALL,74
2021,MAR,DRYDEN,23
2021,MAR,DYSART ET AL,9
2021,MAR,EAST GWILLIMBURY,6
2021,MAR,ELLIOT LAKE,17
2021,MAR,ESPANOLA,9
2021,MAR,ESSA,6
2021,MAR,FORT ERIE,27
2021,MAR,FORT FRANCES,9
2021,MAR,GEORGINA,15
2021,MAR,GODERICH,13
2021,MAR,GRAVENHURST,13
2021,MAR,GREATER NAPANEE,24
2021,MAR,GREATER SUDBURY,179
2021,MAR,GREY HIGHLANDS,7
2021,MAR,GRIMSBY,23
2021,MAR,GUELPH,105
2021,MAR,HALDIMAND COUNTY,34
2021,MAR,HALTON HILLS,31
2021,MAR,HAMILTON,534
2021,MAR,HANOVER,8
2021,MAR,HAWKESBURY,26
2021,MAR,HEARST,6
2021,MAR,HUNTSVILLE,29
2021,MAR,HURON EAST,8
2021,MAR,INGERSOLL,14
2021,MAR,INNISFIL,11
2021,MAR,KAPUSKASING,11
2021,MAR,KAWARTHA LAKES,72
2021,MAR,KENORA,23
2021,MAR,KINCARDINE,10
2021,MAR,KING,7
2021,MAR,KINGSTON,134
2021,MAR,KINGSVILLE,14
2021,MAR,KIRKLAND LAKE,12
2021,MAR,KITCHENER,195
2021,MAR,LAKESHORE,13
2021,MAR,LAMBTON SHORES,7
2021,MAR,LEAMINGTON,37
2021,MAR,LINCOLN,13
2021,MAR,LONDON,374
2021,MAR,MARATHON,7
2021,MAR,MARKHAM,129
2021,MAR,MATTAWA,8
2021,MAR,MEAFORD,10
2021,MAR,MIDDLESEX CENTRE,6
2021,MAR,MIDLAND,23
2021,MAR,MILTON,32
2021,MAR,MINDEN HILLS,7
2021,MAR,MINTO,9
2021,MAR,MISSISSAUGA,356
2021,MAR,MISSISSIPPI MILLS,11
2021,MAR,MUSKOKA LAKES,7
2021,MAR,NE MANITOULIN  AND THE ISLANDS,10
2021,MAR,NEW TECUMSETH,35
2021,MAR,NEWBURY,6
2021,MAR,NEWMARKET,121
2021,MAR,NIAGARA FALLS,77
2021,MAR,NORFOLK COUNTY,49
2021,MAR,NORTH BAY,54
2021,MAR,NORTH DUNDAS,11
2021,MAR,NORTH GLENGARRY,7
2021,MAR,NORTH GRENVILLE,10
2021,MAR,NORTH HURON,7
2021,MAR,NORTH PERTH,11
2021,MAR,OAKVILLE,117
2021,MAR,ORANGEVILLE,29
2021,MAR,ORILLIA,69
2021,MAR,OSHAWA,204
2021,MAR,OTTAWA,634
2021,MAR,OWEN SOUND,45
2021,MAR,PARRY SOUND,25
2021,MAR,PELHAM,6
2021,MAR,PEMBROKE,45
2021,MAR,PENETANGUISHENE,8
2021,MAR,PERTH,8
2021,MAR,PETERBOROUGH,125
2021,MAR,PETROLIA,10
2021,MAR,PICKERING,25
2021,MAR,PORT COLBORNE,22
2021,MAR,PORT HOPE,7
2021,MAR,PRINCE EDWARD,30
2021,MAR,QUINTE WEST,32
2021,MAR,RENFREW,20
2021,MAR,RICHMOND HILL,147
2021,MAR,RUSSELL,8
2021,MAR,SARNIA,95
2021,MAR,SAUGEEN SHORES,9
2021,MAR,SAULT STE MARIE,88
2021,MAR,SCUGOG,20
2021,MAR,SELWYN,10
2021,MAR,SEVERN,16
2021,MAR,SHELBURNE,6
2021,MAR,SIOUX LOOKOUT,9
2021,MAR,SMITHS FALLS,13
2021,MAR,SOUTH BRUCE PENINSULA,6
2021,MAR,SOUTH GLENGARRY,7
2021,MAR,SOUTH HURON,13
2021,MAR,SOUTH STORMONT,7
2021,MAR,SPRINGWATER,8
2021,MAR,ST CATHARINES,167
2021,MAR,ST MARYS,7
2021,MAR,ST THOMAS,47
2021,MAR,STRATFORD,36
2021,MAR,STRATHROY-CARADOC,27
2021,MAR,TAY VALLEY TWP,7
2021,MAR,TEMISKAMING SHORES,14
2021,MAR,THOROLD,7
2021,MAR,THUNDER BAY,143
2021,MAR,TILLSONBURG,19
2021,MAR,TIMMINS,47
2021,MAR,TORONTO,1858
2021,MAR,TRENT HILLS,14
2021,MAR,TWEED,7
2021,MAR,UXBRIDGE,12
2021,MAR,VAUGHAN,86
2021,MAR,WASAGA BEACH,9
2021,MAR,WATERLOO,34
2021,MAR,WELLAND,64
2021,MAR,WELLINGTON NORTH,9
2021,MAR,WEST GREY,7
2021,MAR,WEST NIPISSING,17
2021,MAR,WHITBY,28
2021,MAR,WHITCHURCH-STOUFFVILLE,18
2021,MAR,WINDSOR,250
2021,MAR,WOODSTOCK,55
2021,MAR,WOOLWICH,12
2021,APR,ADJALA-TOSORONTIO,7
2021,APR,AJAX,62
2021,APR,AMHERSTBURG,10
2021,APR,ARNPRIOR,9
2021,APR,ARRAN-ELDERSLIE,6
2021,APR,AURORA,10
2021,APR,BANCROFT,8
2021,APR,BARRIE,168
2021,APR,BELLEVILLE,75
2021,APR,BLIND RIVER,11
2021,APR,BRACEBRIDGE,15
2021,APR,BRADFORD WEST GWILLIMBURY,14
2021,APR,BRAMPTON,295
2021,APR,BRANT,13
2021,APR,BRANTFORD,127
2021,APR,BRIGHTON,10
2021,APR,BROCK,11
2021,APR,BROCKTON,9
2021,APR,BROCKVILLE,40
2021,APR,BURLINGTON,144
2021,APR,CALEDON,20
2021,APR,CAMBRIDGE,86
2021,APR,CARLETON PLACE,10
2021,APR,CENTRAL ELGIN,6
2021,APR,CENTRE WELLINGTON,23
2021,APR,CHATHAM-KENT,93
2021,APR,CLARENCE-ROCKLAND,9
2021,APR,CLARINGTON,57
2021,APR,COBOURG,36
2021,APR,COLLINGWOOD,45
2021,APR,CORNWALL,63
2021,APR,DRYDEN,8
2021,APR,DYSART ET AL,8
2021,APR,EAST GWILLIMBURY,9
2021,APR,ELLIOT LAKE,13
2021,APR,ESPANOLA,8
2021,APR,ESSEX,6
2021,APR,FORT ERIE,24
2021,APR,FORT FRANCES,8
2021,APR,GEORGINA,13
2021,APR,GODERICH,12
2021,APR,GRAVENHURST,10
2021,APR,GREATER NAPANEE,15
2021,APR,GREATER SUDBURY,147
2021,APR,GRIMSBY,21
2021,APR,GUELPH,78
2021,APR,HALDIMAND COUNTY,34
2021,APR,HALTON HILLS,26
2021,APR,HAMILTON,499
2021,APR,HAMILTON TWP,9
2021,APR,HANOVER,9
2021,APR,HAWKESBURY,26
2021,APR,HEARST,6
2021,APR,HUNTSVILLE,21
2021,APR,HURON EAST,7
2021,APR,INGERSOLL,6
2021,APR,INNISFIL,7
2021,APR,IROQUOIS FALLS,10
2021,APR,KAPUSKASING,9
2021,APR,KAWARTHA LAKES,82
2021,APR,KENORA,11
2021,APR,KINCARDINE,8
2021,APR,KINGSTON,160
2021,APR,KIRKLAND LAKE,10
2021,APR,KITCHENER,210
2021,APR,LAKESHORE,12
2021,APR,LASALLE,7
2021,APR,LEAMINGTON,48
2021,APR,LINCOLN,13
2021,APR,LONDON,356
2021,APR,LOYALIST,7
2021,APR,MARKHAM,138
2021,APR,MEAFORD,12
2021,APR,MERRICKVILLE-WOLFORD,6
2021,APR,MIDLAND,36
2021,APR,MILTON,53
2021,APR,MINTO,9
2021,APR,MISSISSAUGA,400
2021,APR,MISSISSIPPI MILLS,11
2021,APR,NEW TECUMSETH,33
2021,APR,NEWMARKET,113
2021,APR,NIAGARA FALLS,88
2021,APR,NIAGARA-ON-THE-LAKE,9
2021,APR,NORFOLK COUNTY,54
2021,APR,NORTH BAY,56
2021,APR,NORTH DUNDAS,10
2021,APR,NORTH GLENGARRY,16
2021,APR,NORTH GRENVILLE,10
2021,APR,OAKVILLE,129
2021,APR,ORANGEVILLE,24
2021,APR,ORILLIA,59
2021,APR,OSHAWA,200
2021,APR,OTTAWA,683
2021,APR,OWEN SOUND,52
2021,APR,PARRY SOUND,13
2021,APR,PELHAM,6
2021,APR,PEMBROKE,27
2021,APR,PENETANGUISHENE,14
2021,APR,PERTH,13
2021,APR,PETERBOROUGH,129
2021,APR,PETROLIA,12
2021,APR,PICKERING,21
2021,APR,PORT COLBORNE,19
2021,APR,PORT HOPE,7
2021,APR,PRINCE EDWARD,21
2021,APR,QUINTE WEST,28
2021,APR,RENFREW,20
2021,APR,RICHMOND HILL,144
2021,APR,RUSSELL,7
2021,APR,SARNIA,79
2021,APR,SAUGEEN SHORES,15
2021,APR,SAULT STE MARIE,96
2021,APR,SCUGOG,18
2021,APR,SEVERN,17
2021,APR,SMITHS FALLS,15
2021,APR,SOUTH BRUCE PENINSULA,10
2021,APR,SOUTH HURON,11
2021,APR,SOUTHWEST MIDDLESEX,6
2021,APR,ST CATHARINES,139
2021,APR,ST MARYS,14
2021,APR,ST THOMAS,55
2021,APR,STRATFORD,43
2021,APR,STRATHROY-CARADOC,15
2021,APR,TAY VALLEY TWP,12
2021,APR,TEMISKAMING SHORES,17
2021,APR,THE BLUE MOUNTAINS,8
2021,APR,THUNDER BAY,128
2021,APR,TILLSONBURG,18
2021,APR,TIMMINS,41
2021,APR,TORONTO,2024
2021,APR,TRENT HILLS,16
2021,APR,TWEED,6
2021,APR,UXBRIDGE,12
2021,APR,VAUGHAN,80
2021,APR,WASAGA BEACH,10
2021,APR,WATERLOO,33
2021,APR,WELLAND,66
2021,APR,WELLINGTON NORTH,8
2021,APR,WEST GREY,6
2021,APR,WEST NIPISSING,13
2021,APR,WHITBY,37
2021,APR,WHITCHURCH-STOUFFVILLE,11
2021,APR,WINDSOR,223
2021,APR,WOODSTOCK,49
2021,APR,WOOLWICH,14
2021,MAY,AJAX,68
2021,MAY,ALFRED PLANTAGENET,8
2021,MAY,AMHERSTBURG,18
2021,MAY,ARNPRIOR,18
2021,MAY,BANCROFT,14
2021,MAY,BARRIE,156
2021,MAY,BELLEVILLE,79
2021,MAY,BLIND RIVER,8
2021,MAY,BLUEWATER,7
2021,MAY,BRACEBRIDGE,20
2021,MAY,BRADFORD WEST GWILLIMBURY,11
2021,MAY,BRAMPTON,279
2021,MAY,BRANT,15
2021,MAY,BRANTFORD,89
2021,MAY,BROCK,9
2021,MAY,BROCKTON,6
2021,MAY,BROCKVILLE,40
2021,MAY,BURLINGTON,122
2021,MAY,CALEDON,22
2021,MAY,CAMBRIDGE,101
2021,MAY,CARLETON PLACE,8
2021,MAY,CAVAN-MONAGHAN,6
2021,MAY,CENTRAL MANITOULIN,6
2021,MAY,CENTRE WELLINGTON,26
2021,MAY,CHATHAM-KENT,98
2021,MAY,CLARENCE-ROCKLAND,9
2021,MAY,CLARINGTON,45
2021,MAY,COBOURG,40
2021,MAY,COLLINGWOOD,42
2021,MAY,CORNWALL,64
2021,MAY,DRYDEN,17
2021,MAY,DYSART ET AL,15
2021,MAY,EAST GWILLIMBURY,6
2021,MAY,ELLIOT LAKE,17
2021,MAY,ESPANOLA,6
2021,MAY,ESSEX,9
2021,MAY,FORT ERIE,20
2021,MAY,FORT FRANCES,6
2021,MAY,GANANOQUE,8
2021,MAY,GEORGINA,15
2021,MAY,GODERICH,15
2021,MAY,GRAVENHURST,8
2021,MAY,GREATER NAPANEE,27
2021,MAY,GREATER SUDBURY,195
2021,MAY,GREY HIGHLANDS,12
2021,MAY,GRIMSBY,33
2021,MAY,GUELPH,80
2021,MAY,GUELPH-ERAMOSA,8
2021,MAY,HALDIMAND COUNTY,33
2021,MAY,HALTON HILLS,26
2021,MAY,HAMILTON,490
2021,MAY,HAMILTON TWP,6
2021,MAY,HANOVER,12
2021,MAY,HAWKESBURY,17
2021,MAY,HUNTSVILLE,23
2021,MAY,INGERSOLL,12
2021,MAY,KAPUSKASING,6
2021,MAY,KAWARTHA LAKES,64
2021,MAY,KENORA,21
2021,MAY,KINCARDINE,6
2021,MAY,KINGSTON,162
2021,MAY,KINGSVILLE,10
2021,MAY,KIRKLAND LAKE,10
2021,MAY,KITCHENER,186
2021,MAY,LAKESHORE,7
2021,MAY,LAMBTON SHORES,6
2021,MAY,LEAMINGTON,44
2021,MAY,LINCOLN,9
2021,MAY,LONDON,348
2021,MAY,LOYALIST,6
2021,MAY,MARKHAM,126
2021,MAY,MATTAWA,7
2021,MAY,MEAFORD,13
2021,MAY,MIDDLESEX CENTRE,8
2021,MAY,MIDLAND,37
2021,MAY,MILTON,39
2021,MAY,MINTO,9
2021,MAY,MISSISSAUGA,387
2021,MAY,MISSISSIPPI MILLS,15
2021,MAY,NE MANITOULIN  AND THE ISLANDS,6
2021,MAY,NEW TECUMSETH,41
2021,MAY,NEWMARKET,125
2021,MAY,NIAGARA FALLS,84
2021,MAY,NIAGARA-ON-THE-LAKE,7
2021,MAY,NORFOLK COUNTY,41
2021,MAY,NORTH BAY,72
2021,MAY,NORTH DUNDAS,11
2021,MAY,NORTH GLENGARRY,11
2021,MAY,NORTH GRENVILLE,11
2021,MAY,NORTH PERTH,17
2021,MAY,OAKVILLE,120
2021,MAY,ORANGEVILLE,36
2021,MAY,ORILLIA,57
2021,MAY,OSHAWA,178
2021,MAY,OTTAWA,650
2021,MAY,OWEN SOUND,52
2021,MAY,PARRY SOUND,16
2021,MAY,PEMBROKE,34
2021,MAY,PENETANGUISHENE,13
2021,MAY,PERTH,19
2021,MAY,PERTH EAST,7
2021,MAY,PETERBOROUGH,145
2021,MAY,PETROLIA,11
2021,MAY,PICKERING,26
2021,MAY,PORT COLBORNE,17
2021,MAY,PORT HOPE,15
2021,MAY,PRINCE EDWARD,33
2021,MAY,PUSLINCH,6
2021,MAY,QUINTE WEST,26
2021,MAY,RENFREW,21
2021,MAY,RICHMOND HILL,154
2021,MAY,SARNIA,93
2021,MAY,SAULT STE MARIE,95
2021,MAY,SCUGOG,25
2021,MAY,SEVERN,10
2021,MAY,SMITHS FALLS,15
2021,MAY,SOUTH BRUCE PENINSULA,9
2021,MAY,SOUTH FRONTENAC,7
2021,MAY,SOUTH HURON,13
2021,MAY,SOUTH STORMONT,8
2021,MAY,ST CATHARINES,144
2021,MAY,ST MARYS,10
2021,MAY,ST THOMAS,42
2021,MAY,STRATFORD,41
2021,MAY,STRATHROY-CARADOC,29
2021,MAY,TAY VALLEY TWP,8
2021,MAY,TEMISKAMING SHORES,18
2021,MAY,THUNDER BAY,145
2021,MAY,TILLSONBURG,18
2021,MAY,TIMMINS,36
2021,MAY,TORONTO,1970
2021,MAY,TRENT HILLS,12
2021,MAY,UXBRIDGE,15
2021,MAY,VAUGHAN,92
2021,MAY,WASAGA BEACH,6
2021,MAY,WATERLOO,36
2021,MAY,WELLAND,58
2021,MAY,WELLINGTON NORTH,11
2021,MAY,WEST GREY,8
2021,MAY,WEST NIPISSING,11
2021,MAY,WHITBY,37
2021,MAY,WHITCHURCH-STOUFFVILLE,12
2021,MAY,WIKWEMIKONG I R,6
2021,MAY,WINDSOR,221
2021,MAY,WOODSTOCK,58
2021,MAY,WOOLWICH,14
2021,JUN,AJAX,49
2021,JUN,ALFRED PLANTAGENET,7
2021,JUN,AMHERSTBURG,8
2021,JUN,ARNPRIOR,10
2021,JUN,ARRAN-ELDERSLIE,6
2021,JUN,AURORA,9
2021,JUN,BANCROFT,8
2021,JUN,BARRIE,147
2021,JUN,BELLEVILLE,60
2021,JUN,BRACEBRIDGE,12
2021,JUN,BRADFORD WEST GWILLIMBURY,9
2021,JUN,BRAMPTON,195
2021,JUN,BRANT,14
2021,JUN,BRANTFORD,110
2021,JUN,BROCK,9
2021,JUN,BROCKTON,7
2021,JUN,BROCKVILLE,36
2021,JUN,BURLINGTON,122
2021,JUN,CALEDON,23
2021,JUN,CAMBRIDGE,62
2021,JUN,CARLETON PLACE,12
2021,JUN,CAVAN-MONAGHAN,7
2021,JUN,CENTRAL ELGIN,8
2021,JUN,CENTRAL HURON,7
2021,JUN,CENTRE WELLINGTON,26
2021,JUN,CHATHAM-KENT,95
2021,JUN,CLARENCE-ROCKLAND,6
2021,JUN,CLARINGTON,29
2021,JUN,COBOURG,37
2021,JUN,COCHRANE,9
2021,JUN,COLLINGWOOD,47
2021,JUN,CORNWALL,61
2021,JUN,DRYDEN,14
2021,JUN,DYSART ET AL,14
2021,JUN,ELLIOT LAKE,14
2021,JUN,ENNISKILLEN,7
2021,JUN,ESPANOLA,6
2021,JUN,ESSEX,7
2021,JUN,FORT ERIE,28
2021,JUN,FORT FRANCES,10
2021,JUN,GEORGINA,14
2021,JUN,GRAVENHURST,6
2021,JUN,GREATER NAPANEE,25
2021,JUN,GREATER SUDBURY,150
2021,JUN,GREY HIGHLANDS,8
2021,JUN,GRIMSBY,19
2021,JUN,GUELPH,106
2021,JUN,GUELPH-ERAMOSA,8
2021,JUN,HALDIMAND COUNTY,21
2021,JUN,HALTON HILLS,28
2021,JUN,HAMILTON,397
2021,JUN,HAMILTON TWP,13
2021,JUN,HANOVER,7
2021,JUN,HAWKESBURY,21
2021,JUN,HUNTSVILLE,23
2021,JUN,HURON EAST,6
2021,JUN,INNISFIL,7
2021,JUN,KAPUSKASING,11
2021,JUN,KAWARTHA LAKES,82
2021,JUN,KENORA,12
2021,JUN,KINCARDINE,10
2021,JUN,KINGSTON,144
2021,JUN,KINGSVILLE,6
2021,JUN,KIRKLAND LAKE,6
2021,JUN,KITCHENER,198
2021,JUN,LAKESHORE,9
2021,JUN,LAMBTON SHORES,11
2021,JUN,LASALLE,7
2021,JUN,LEAMINGTON,34
2021,JUN,LINCOLN,10
2021,JUN,LONDON,324
2021,JUN,LOYALIST,7
2021,JUN,MADAWASKA VALLEY,10
2021,JUN,MARKHAM,103
2021,JUN,MEAFORD,6
2021,JUN,MIDLAND,35
2021,JUN,MILTON,33
2021,JUN,MINTO,8
2021,JUN,MISSISSAUGA,354
2021,JUN,MISSISSIPPI MILLS,9
2021,JUN,MUSKOKA LAKES,7
2021,JUN,NEW TECUMSETH,21
2021,JUN,NEWMARKET,99
2021,JUN,NIAGARA FALLS,80
2021,JUN,NIAGARA-ON-THE-LAKE,9
2021,JUN,NORFOLK COUNTY,48
2021,JUN,NORTH BAY,51
2021,JUN,NORTH DUNDAS,14
2021,JUN,NORTH GLENGARRY,10
2021,JUN,NORTH GRENVILLE,8
2021,JUN,NORTH PERTH,10
2021,JUN,NORTHERN BRUCE PENINSULA,6
2021,JUN,OAKVILLE,118
2021,JUN,ORANGEVILLE,27
2021,JUN,ORILLIA,61
2021,JUN,ORO-MEDONTE,7
2021,JUN,OSHAWA,175
2021,JUN,OTTAWA,586
2021,JUN,OWEN SOUND,43
2021,JUN,PARRY SOUND,15
2021,JUN,PELHAM,10
2021,JUN,PEMBROKE,30
2021,JUN,PENETANGUISHENE,12
2021,JUN,PERTH,16
2021,JUN,PETERBOROUGH,123
2021,JUN,PETROLIA,8
2021,JUN,PICKERING,32
2021,JUN,PORT COLBORNE,18
2021,JUN,PORT HOPE,6
2021,JUN,PRINCE EDWARD,31
2021,JUN,QUINTE WEST,34
2021,JUN,RENFREW,18
2021,JUN,RICHMOND HILL,100
2021,JUN,RUSSELL,9
2021,JUN,SARNIA,94
2021,JUN,SAUGEEN SHORES,11
2021,JUN,SAULT STE MARIE,90
2021,JUN,SCUGOG,18
2021,JUN,SELWYN,8
2021,JUN,SEVERN,17
2021,JUN,SIOUX LOOKOUT,7
2021,JUN,SMITHS FALLS,18
2021,JUN,SOUTH BRUCE PENINSULA,9
2021,JUN,SOUTH FRONTENAC,6
2021,JUN,SOUTH GLENGARRY,9
2021,JUN,SOUTH HURON,13
2021,JUN,SOUTHWOLD,6
2021,JUN,ST CATHARINES,119
2021,JUN,ST THOMAS,48
2021,JUN,STRATFORD,33
2021,JUN,STRATHROY-CARADOC,20
2021,JUN,TECUMSEH,6
2021,JUN,TEMISKAMING SHORES,12
2021,JUN,THUNDER BAY,129
2021,JUN,TILLSONBURG,14
2021,JUN,TIMMINS,32
2021,JUN,TINY,6
2021,JUN,TORONTO,1596
2021,JUN,TRENT HILLS,18
2021,JUN,TWEED,10
2021,JUN,UXBRIDGE,14
2021,JUN,VAUGHAN,72
2021,JUN,WATERLOO,33
2021,JUN,WELLAND,56
2021,JUN,WELLINGTON NORTH,8
2021,JUN,WEST GREY,6
2021,JUN,WEST NIPISSING,18
2021,JUN,WHITBY,32
2021,JUN,WHITCHURCH-STOUFFVILLE,8
2021,JUN,WINDSOR,238
2021,JUN,WOODSTOCK,50
2021,JUN,WOOLWICH,13
2021,JUL,AJAX,53
2021,JUL,ALFRED PLANTAGENET,6
2021,JUL,AMHERSTBURG,7
2021,JUL,ARNPRIOR,9
2021,JUL,ARRAN-ELDERSLIE,8
2021,JUL,AURORA,10
2021,JUL,BANCROFT,13
2021,JUL,BARRIE,118
2021,JUL,BELLEVILLE,62
2021,JUL,BRACEBRIDGE,23
2021,JUL,BRAMPTON,200
2021,JUL,BRANT,12
2021,JUL,BRANTFORD,79
2021,JUL,BRIGHTON,7
2021,JUL,BROCK,11
2021,JUL,BROCKTON,11
2021,JUL,BROCKVILLE,37
2021,JUL,BURLINGTON,113
2021,JUL,CALEDON,21
2021,JUL,CAMBRIDGE,82
2021,JUL,CARLETON PLACE,7
2021,JUL,CENTRAL HURON,7
2021,JUL,CENTRAL MANITOULIN,7
2021,JUL,CENTRE WELLINGTON,24
2021,JUL,CHATHAM-KENT,105
2021,JUL,CLARENCE-ROCKLAND,9
2021,JUL,CLARINGTON,32
2021,JUL,CLEARVIEW,7
2021,JUL,COBOURG,46
2021,JUL,COLLINGWOOD,43
2021,JUL,CORNWALL,75
2021,JUL,DRYDEN,7
2021,JUL,DYSART ET AL,8
2021,JUL,EAST GWILLIMBURY,8
2021,JUL,ELLIOT LAKE,14
2021,JUL,ESPANOLA,8
2021,JUL,ESSEX,8
2021,JUL,FORT ERIE,40
2021,JUL,FORT FRANCES,13
2021,JUL,GEORGINA,7
2021,JUL,GODERICH,9
2021,JUL,GRAVENHURST,9
2021,JUL,GREATER NAPANEE,23
2021,JUL,GREATER SUDBURY,154
2021,JUL,GRIMSBY,17
2021,JUL,GUELPH,100
2021,JUL,HALDIMAND COUNTY,30
2021,JUL,HALTON HILLS,32
2021,JUL,HAMILTON,422
2021,JUL,HAMILTON TWP,14
2021,JUL,HAWKESBURY,16
2021,JUL,HUNTSVILLE,32
2021,JUL,INGERSOLL,12
2021,JUL,KAPUSKASING,6
2021,JUL,KAWARTHA LAKES,69
2021,JUL,KENORA,20
2021,JUL,KINCARDINE,17
2021,JUL,KINGSTON,165
2021,JUL,KINGSVILLE,11
2021,JUL,KIRKLAND LAKE,10
2021,JUL,KITCHENER,179
2021,JUL,LAKESHORE,12
2021,JUL,LAMBTON SHORES,10
2021,JUL,LEAMINGTON,35
2021,JUL,LINCOLN,11
2021,JUL,LONDON,338
2021,JUL,LOYALIST,10
2021,JUL,MADAWASKA VALLEY,6
2021,JUL,MARKHAM,89
2021,JUL,MATTAWA,7
2021,JUL,MIDLAND,32
2021,JUL,MILTON,28
2021,JUL,MINTO,8
2021,JUL,MISSISSAUGA,314
2021,JUL,MISSISSIPPI MILLS,19
2021,JUL,MUSKOKA LAKES,8
2021,JUL,NE MANITOULIN  AND THE ISLANDS,8
2021,JUL,NEW TECUMSETH,37
2021,JUL,NEWMARKET,90
2021,JUL,NIAGARA FALLS,99
2021,JUL,NIAGARA-ON-THE-LAKE,6
2021,JUL,NORFOLK COUNTY,47
2021,JUL,NORTH BAY,70
2021,JUL,NORTH DUNDAS,22
2021,JUL,NORTH GLENGARRY,8
2021,JUL,NORTH GRENVILLE,9
2021,JUL,NORTH HURON,10
2021,JUL,NORTH PERTH,8
2021,JUL,OAKVILLE,115
2021,JUL,ORANGEVILLE,32
2021,JUL,ORILLIA,56
2021,JUL,ORO-MEDONTE,7
2021,JUL,OSHAWA,169
2021,JUL,OTTAWA,557
2021,JUL,OWEN SOUND,46
2021,JUL,PARRY SOUND,32
2021,JUL,PEMBROKE,20
2021,JUL,PENETANGUISHENE,15
2021,JUL,PERTH,16
2021,JUL,PETERBOROUGH,131
2021,JUL,PETROLIA,10
2021,JUL,PICKERING,26
2021,JUL,PORT COLBORNE,15
2021,JUL,PORT HOPE,10
2021,JUL,PRINCE EDWARD,25
2021,JUL,QUINTE WEST,26
2021,JUL,RENFREW,18
2021,JUL,RICHMOND HILL,109
2021,JUL,SARNIA,92
2021,JUL,SAUGEEN SHORES,8
2021,JUL,SAULT STE MARIE,121
2021,JUL,SCUGOG,17
2021,JUL,SELWYN,9
2021,JUL,SEVERN,14
2021,JUL,SHELBURNE,7
2021,JUL,SIOUX LOOKOUT,8
2021,JUL,SMITHS FALLS,11
2021,JUL,SOUTH BRUCE PENINSULA,15
2021,JUL,SOUTH FRONTENAC,6
2021,JUL,SOUTH HURON,12
2021,JUL,SOUTHWOLD,6
2021,JUL,ST CATHARINES,149
2021,JUL,ST CLAIR,9
2021,JUL,ST MARYS,9
2021,JUL,ST THOMAS,54
2021,JUL,STIRLING-RAWDON,6
2021,JUL,STRATFORD,42
2021,JUL,STRATHROY-CARADOC,25
2021,JUL,TECUMSEH,10
2021,JUL,TEMISKAMING SHORES,17
2021,JUL,THUNDER BAY,142
2021,JUL,TILLSONBURG,21
2021,JUL,TIMMINS,44
2021,JUL,TORONTO,1646
2021,JUL,TRENT HILLS,18
2021,JUL,TWEED,8
2021,JUL,UXBRIDGE,13
2021,JUL,VAUGHAN,92
2021,JUL,WASAGA BEACH,7
2021,JUL,WATERLOO,37
2021,JUL,WELLAND,54
2021,JUL,WELLINGTON NORTH,13
2021,JUL,WEST GREY,9
2021,JUL,WEST NIPISSING,12
2021,JUL,WEST PERTH,9
2021,JUL,WHITBY,33
2021,JUL,WHITCHURCH-STOUFFVILLE,11
2021,JUL,WINDSOR,198
2021,JUL,WOODSTOCK,56
2021,JUL,WOOLWICH,7
2021,AUG,AJAX,50
2021,AUG,ALGOMA UNORGANIZED,6
2021,AUG,AMHERSTBURG,6
2021,AUG,ARNPRIOR,14
2021,AUG,ATIKOKAN,6
2021,AUG,AURORA,15
2021,AUG,BANCROFT,8
2021,AUG,BARRIE,151
2021,AUG,BELLEVILLE,79
2021,AUG,BRACEBRIDGE,24
2021,AUG,BRADFORD WEST GWILLIMBURY,18
2021,AUG,BRAMPTON,216
2021,AUG,BRANT,11
2021,AUG,BRANTFORD,103
2021,AUG,BROCK,6
2021,AUG,BROCKTON,11
2021,AUG,BROCKVILLE,49
2021,AUG,BURLINGTON,130
2021,AUG,CALEDON,27
2021,AUG,CAMBRIDGE,80
2021,AUG,CENTRAL HURON,10
2021,AUG,CENTRAL MANITOULIN,7
2021,AUG,CENTRE WELLINGTON,28
2021,AUG,CHATHAM-KENT,101
2021,AUG,CLARENCE-ROCKLAND,7
2021,AUG,CLARINGTON,37
2021,AUG,COBOURG,42
2021,AUG,COCHRANE,8
2021,AUG,COLLINGWOOD,49
2021,AUG,CORNWALL,63
2021,AUG,DRYDEN,12
2021,AUG,DYSART ET AL,10
2021,AUG,ELLIOT LAKE,18
2021,AUG,FORT ERIE,27
2021,AUG,FORT FRANCES,11
2021,AUG,GANANOQUE,7
2021,AUG,GEORGINA,16
2021,AUG,GODERICH,9
2021,AUG,GRAVENHURST,17
2021,AUG,GREATER NAPANEE,33
2021,AUG,GREATER SUDBURY,186
2021,AUG,GRIMSBY,38
2021,AUG,GUELPH,96
2021,AUG,HALDIMAND COUNTY,34
2021,AUG,HALTON HILLS,20
2021,AUG,HAMILTON,440
2021,AUG,HAMILTON TWP,12
2021,AUG,HANOVER,12
2021,AUG,HAWKESBURY,25
2021,AUG,HUNTSVILLE,29
2021,AUG,HURON EAST,13
2021,AUG,INNISFIL,8
2021,AUG,KAPUSKASING,7
2021,AUG,KAWARTHA LAKES,90
2021,AUG,KENORA,19
2021,AUG,KINCARDINE,16
2021,AUG,KING,6
2021,AUG,KINGSTON,160
2021,AUG,KINGSVILLE,7
2021,AUG,KIRKLAND LAKE,10
2021,AUG,KITCHENER,182
2021,AUG,LAKESHORE,9
2021,AUG,LASALLE,6
2021,AUG,LEAMINGTON,39
2021,AUG,LINCOLN,11
2021,AUG,LONDON,360
2021,AUG,LOYALIST,7
2021,AUG,MADAWASKA VALLEY,10
2021,AUG,MARKHAM,103
2021,AUG,MARMORA AND LAKE,6
2021,AUG,MEAFORD,11
2021,AUG,MIDDLESEX CENTRE,9
2021,AUG,MIDLAND,45
2021,AUG,MILTON,37
2021,AUG,MISSISSAUGA,363
2021,AUG,MISSISSIPPI MILLS,14
2021,AUG,MUSKOKA LAKES,7
2021,AUG,NEW TECUMSETH,37
2021,AUG,NEWMARKET,110
2021,AUG,NIAGARA FALLS,94
2021,AUG,NIAGARA-ON-THE-LAKE,12
2021,AUG,NIPIGON,6
2021,AUG,NORFOLK COUNTY,55
2021,AUG,NORTH BAY,66
2021,AUG,NORTH DUNDAS,10
2021,AUG,NORTH GLENGARRY,12
2021,AUG,NORTH GRENVILLE,9
2021,AUG,OAKVILLE,127
2021,AUG,ORANGEVILLE,27
2021,AUG,ORILLIA,62
2021,AUG,OSHAWA,180
2021,AUG,OTTAWA,646
2021,AUG,OWEN SOUND,57
2021,AUG,PARRY SOUND,18
2021,AUG,PELHAM,6
2021,AUG,PEMBROKE,22
2021,AUG,PENETANGUISHENE,18
2021,AUG,PERTH,15
2021,AUG,PETERBOROUGH,130
2021,AUG,PETROLIA,11
2021,AUG,PICKERING,23
2021,AUG,PORT COLBORNE,15
2021,AUG,PORT HOPE,13
2021,AUG,PRINCE EDWARD,32
2021,AUG,PUSLINCH,6
2021,AUG,QUINTE WEST,29
2021,AUG,RAMARA TOWNSHIP,6
2021,AUG,RENFREW,27
2021,AUG,RICHMOND HILL,122
2021,AUG,SARNIA,93
2021,AUG,SAUGEEN SHORES,8
2021,AUG,SAULT STE MARIE,100
2021,AUG,SCUGOG,14
2021,AUG,SEVERN,12
2021,AUG,SIOUX LOOKOUT,6
2021,AUG,SMITHS FALLS,9
2021,AUG,SOUTH BRUCE PENINSULA,8
2021,AUG,SOUTH HURON,9
2021,AUG,ST CATHARINES,141
2021,AUG,ST MARYS,8
2021,AUG,ST THOMAS,43
2021,AUG,STRATFORD,37
2021,AUG,STRATHROY-CARADOC,18
2021,AUG,TAY VALLEY TWP,7
2021,AUG,TECUMSEH,11
2021,AUG,TEMISKAMING SHORES,14
2021,AUG,THOROLD,7
2021,AUG,THUNDER BAY,128
2021,AUG,TILLSONBURG,19
2021,AUG,TIMMINS,40
2021,AUG,TINY,6
2021,AUG,TORONTO,1630
2021,AUG,TRENT HILLS,23
2021,AUG,TWEED,7
2021,AUG,UXBRIDGE,11
2021,AUG,VAUGHAN,83
2021,AUG,WASAGA BEACH,8
2021,AUG,WATERLOO,42
2021,AUG,WELLAND,66
2021,AUG,WELLINGTON NORTH,10
2021,AUG,WEST GREY,12
2021,AUG,WEST NIPISSING,13
2021,AUG,WHITBY,32
2021,AUG,WHITCHURCH-STOUFFVILLE,17
2021,AUG,WINDSOR,207
2021,AUG,WOODSTOCK,59
2021,AUG,WOOLWICH,10
2021,SEP,AJAX,52
2021,SEP,ALFRED PLANTAGENET,10
2021,SEP,AMHERSTBURG,7
2021,SEP,ARNPRIOR,13
2021,SEP,ARRAN-ELDERSLIE,6
2021,SEP,ATHENS,6
2021,SEP,ATIKOKAN,10
2021,SEP,AURORA,11
2021,SEP,AYLMER,6
2021,SEP,BANCROFT,8
2021,SEP,BARRIE,153
2021,SEP,BELLEVILLE,74
2021,SEP,BLIND RIVER,9
2021,SEP,BRACEBRIDGE,33
2021,SEP,BRADFORD WEST GWILLIMBURY,9
2021,SEP,BRAMPTON,206
2021,SEP,BRANT,11
2021,SEP,BRANTFORD,106
2021,SEP,BROCK,10
2021,SEP,BROCKTON,15
2021,SEP,BROCKVILLE,49
2021,SEP,BURLINGTON,124
2021,SEP,CALEDON,20
2021,SEP,CAMBRIDGE,82
2021,SEP,CARLETON PLACE,12
2021,SEP,CENTRAL HURON,6
2021,SEP,CENTRE WELLINGTON,31
2021,SEP,CHATHAM-KENT,95
2021,SEP,CLARENCE-ROCKLAND,8
2021,SEP,CLARINGTON,55
2021,SEP,CLEARVIEW,11
2021,SEP,COBOURG,39
2021,SEP,COLLINGWOOD,52
2021,SEP,CORNWALL,75
2021,SEP,DRYDEN,13
2021,SEP,EAST GWILLIMBURY,6
2021,SEP,EAST ZORRA-TAVISTOCK,7
2021,SEP,ELIZABETHTOWN-KITLEY,7
2021,SEP,ELLIOT LAKE,17
2021,SEP,ESPANOLA,12
2021,SEP,ESSEX,7
2021,SEP,FORT ERIE,19
2021,SEP,FORT FRANCES,15
2021,SEP,GEORGINA,17
2021,SEP,GODERICH,15
2021,SEP,GRAVENHURST,9
2021,SEP,GREATER NAPANEE,35
2021,SEP,GREATER SUDBURY,176
2021,SEP,GREY HIGHLANDS,11
2021,SEP,GRIMSBY,30
2021,SEP,GUELPH,114
2021,SEP,HALDIMAND COUNTY,33
2021,SEP,HALTON HILLS,27
2021,SEP,HAMILTON,501
2021,SEP,HAMILTON TWP,8
2021,SEP,HANOVER,14
2021,SEP,HAWKESBURY,31
2021,SEP,HEARST,6
2021,SEP,HUNTSVILLE,15
2021,SEP,HURON EAST,7
2021,SEP,INGERSOLL,12
2021,SEP,INNISFIL,6
2021,SEP,IROQUOIS FALLS,9
2021,SEP,KAPUSKASING,9
2021,SEP,KAWARTHA LAKES,72
2021,SEP,KENORA,20
2021,SEP,KINCARDINE,10
2021,SEP,KINGSTON,153
2021,SEP,KINGSVILLE,10
2021,SEP,KIRKLAND LAKE,15
2021,SEP,KITCHENER,178
2021,SEP,LAKESHORE,9
2021,SEP,LAMBTON SHORES,7
2021,SEP,LEAMINGTON,47
2021,SEP,LINCOLN,15
2021,SEP,LONDON,351
2021,SEP,LOYALIST,7
2021,SEP,MADAWASKA VALLEY,9
2021,SEP,MARKHAM,118
2021,SEP,MATTAWA,8
2021,SEP,MEAFORD,9
2021,SEP,MIDLAND,30
2021,SEP,MILTON,42
2021,SEP,MINDEN HILLS,6
2021,SEP,MINTO,13
2021,SEP,MISSISSAUGA,363
2021,SEP,MISSISSIPPI MILLS,14
2021,SEP,NE MANITOULIN  AND THE ISLANDS,6
2021,SEP,NEW TECUMSETH,36
2021,SEP,NEWBURY,6
2021,SEP,NEWMARKET,120
2021,SEP,NIAGARA FALLS,86
2021,SEP,NIAGARA-ON-THE-LAKE,7
2021,SEP,NORFOLK COUNTY,55
2021,SEP,NORTH BAY,66
2021,SEP,NORTH DUNDAS,15
2021,SEP,NORTH GLENGARRY,15
2021,SEP,NORTH GRENVILLE,9
2021,SEP,NORTH HURON,9
2021,SEP,NORTH PERTH,14
2021,SEP,OAKVILLE,102
2021,SEP,ORANGEVILLE,30
2021,SEP,ORILLIA,46
2021,SEP,ORO-MEDONTE,6
2021,SEP,OSHAWA,164
2021,SEP,OTTAWA,623
2021,SEP,OWEN SOUND,48
2021,SEP,PARRY SOUND,15
2021,SEP,PELHAM,11
2021,SEP,PEMBROKE,31
2021,SEP,PENETANGUISHENE,12
2021,SEP,PERTH,14
2021,SEP,PERTH EAST,11
2021,SEP,PETERBOROUGH,109
2021,SEP,PETROLIA,10
2021,SEP,PICKERING,16
2021,SEP,PORT COLBORNE,14
2021,SEP,PORT HOPE,16
2021,SEP,PRINCE EDWARD,20
2021,SEP,QUINTE WEST,28
2021,SEP,RENFREW,29
2021,SEP,RICHMOND HILL,124
2021,SEP,SARNIA,77
2021,SEP,SAUGEEN SHORES,12
2021,SEP,SAULT STE MARIE,85
2021,SEP,SCUGOG,17
2021,SEP,SELWYN,6
2021,SEP,SEVERN,13
2021,SEP,SHELBURNE,6
2021,SEP,SMITHS FALLS,14
2021,SEP,SOUTH DUNDAS,6
2021,SEP,SOUTH HURON,19
2021,SEP,SOUTH STORMONT,6
2021,SEP,SPRINGWATER,6
2021,SEP,ST CATHARINES,138
2021,SEP,ST MARYS,7
2021,SEP,ST THOMAS,42
2021,SEP,STRATFORD,40
2021,SEP,STRATHROY-CARADOC,23
2021,SEP,TECUMSEH,9
2021,SEP,TEMISKAMING SHORES,22
2021,SEP,THUNDER BAY,148
2021,SEP,TILLSONBURG,14
2021,SEP,TIMMINS,35
2021,SEP,TORONTO,1709
2021,SEP,TRENT HILLS,17
2021,SEP,TWEED,6
2021,SEP,UXBRIDGE,14
2021,SEP,VAUGHAN,112
2021,SEP,WATERLOO,26
2021,SEP,WELLAND,78
2021,SEP,WELLINGTON NORTH,13
2021,SEP,WEST GREY,9
2021,SEP,WEST NIPISSING,16
2021,SEP,WHITBY,32
2021,SEP,WHITCHURCH-STOUFFVILLE,12
2021,SEP,WHITEWATER REGION,7
2021,SEP,WINDSOR,222
2021,SEP,WOODSTOCK,66
2021,SEP,WOOLWICH,6
2021,OCT,AJAX,53
2021,OCT,ALFRED PLANTAGENET,7
2021,OCT,AMHERSTBURG,14
2021,OCT,ARNPRIOR,13
2021,OCT,AURORA,14
2021,OCT,AYLMER,7
2021,OCT,BANCROFT,9
2021,OCT,BARRIE,142
2021,OCT,BELLEVILLE,90
2021,OCT,BLACK RIVER-MATHESON,6
2021,OCT,BRACEBRIDGE,24
2021,OCT,BRADFORD WEST GWILLIMBURY,14
2021,OCT,BRAMPTON,254
2021,OCT,BRANT,14
2021,OCT,BRANTFORD,120
2021,OCT,BRIGHTON,6
2021,OCT,BROCK,8
2021,OCT,BROCKTON,8
2021,OCT,BROCKVILLE,50
2021,OCT,BURLINGTON,131
2021,OCT,CALEDON,19
2021,OCT,CAMBRIDGE,86
2021,OCT,CAVAN-MONAGHAN,7
2021,OCT,CENTRAL MANITOULIN,6
2021,OCT,CENTRE WELLINGTON,26
2021,OCT,CHAMPLAIN,7
2021,OCT,CHATHAM-KENT,127
2021,OCT,CLARENCE-ROCKLAND,11
2021,OCT,CLARINGTON,52
2021,OCT,COBOURG,56
2021,OCT,COCHRANE,6
2021,OCT,COLLINGWOOD,44
2021,OCT,CORNWALL,78
2021,OCT,DRYDEN,9
2021,OCT,DYSART ET AL,9
2021,OCT,ELLIOT LAKE,24
2021,OCT,ESPANOLA,11
2021,OCT,ESSEX,7
2021,OCT,FORT ERIE,22
2021,OCT,FORT FRANCES,11
2021,OCT,GEORGINA,14
2021,OCT,GODERICH,12
2021,OCT,GREATER NAPANEE,19
2021,OCT,GREATER SUDBURY,188
2021,OCT,GREY HIGHLANDS,9
2021,OCT,GRIMSBY,35
2021,OCT,GUELPH,128
2021,OCT,HALDIMAND COUNTY,32
2021,OCT,HALTON HILLS,33
2021,OCT,HAMILTON,517
2021,OCT,HAMILTON TWP,6
2021,OCT,HANOVER,17
2021,OCT,HAWKESBURY,23
2021,OCT,HEARST,6
2021,OCT,HUNTSVILLE,25
2021,OCT,HURON EAST,10
2021,OCT,HURON-KINLOSS,6
2021,OCT,INGERSOLL,9
2021,OCT,IROQUOIS FALLS,9
2021,OCT,KAPUSKASING,11
2021,OCT,KAWARTHA LAKES,72
2021,OCT,KENORA,17
2021,OCT,KINCARDINE,15
2021,OCT,KING,6
2021,OCT,KINGSTON,154
2021,OCT,KINGSVILLE,8
2021,OCT,KIRKLAND LAKE,13
2021,OCT,KITCHENER,188
2021,OCT,LEAMINGTON,43
2021,OCT,LINCOLN,18
2021,OCT,LONDON,365
2021,OCT,LOYALIST,6
2021,OCT,MADAWASKA VALLEY,10
2021,OCT,MARKHAM,135
2021,OCT,MIDDLESEX CENTRE,10
2021,OCT,MIDLAND,43
2021,OCT,MILTON,35
2021,OCT,MINTO,8
2021,OCT,MISSISSAUGA,381
2021,OCT,MISSISSIPPI MILLS,14
2021,OCT,NEW TECUMSETH,38
2021,OCT,NEWMARKET,117
2021,OCT,NIAGARA FALLS,96
2021,OCT,NIAGARA-ON-THE-LAKE,16
2021,OCT,NORFOLK COUNTY,44
2021,OCT,NORTH BAY,86
2021,OCT,NORTH DUNDAS,20
2021,OCT,NORTH GLENGARRY,19
2021,OCT,NORTH GRENVILLE,8
2021,OCT,NORTH PERTH,6
2021,OCT,OAKVILLE,123
2021,OCT,ORANGEVILLE,35
2021,OCT,ORILLIA,55
2021,OCT,ORO-MEDONTE,6
2021,OCT,OSHAWA,171
2021,OCT,OTTAWA,664
2021,OCT,OWEN SOUND,63
2021,OCT,PARRY SOUND,18
2021,OCT,PELHAM,9
2021,OCT,PEMBROKE,30
2021,OCT,PENETANGUISHENE,16
2021,OCT,PERTH,11
2021,OCT,PETERBOROUGH,140
2021,OCT,PETROLIA,14
2021,OCT,PICKERING,24
2021,OCT,PORT COLBORNE,25
2021,OCT,PORT HOPE,8
2021,OCT,POWASSAN,6
2021,OCT,PRESCOTT,6
2021,OCT,PRINCE EDWARD,25
2021,OCT,QUINTE WEST,28
2021,OCT,RENFREW,20
2021,OCT,RICHMOND HILL,128
2021,OCT,SARNIA,120
2021,OCT,SAUGEEN SHORES,13
2021,OCT,SAULT STE MARIE,77
2021,OCT,SCUGOG,15
2021,OCT,SEVERN,17
2021,OCT,SHELBURNE,7
2021,OCT,SMITHS FALLS,13
2021,OCT,SOUTH BRUCE PENINSULA,10
2021,OCT,SOUTH FRONTENAC,7
2021,OCT,SOUTH HURON,7
2021,OCT,ST CATHARINES,144
2021,OCT,ST MARYS,9
2021,OCT,ST THOMAS,54
2021,OCT,STRATFORD,57
2021,OCT,STRATHROY-CARADOC,29
2021,OCT,TECUMSEH,10
2021,OCT,TEMISKAMING SHORES,17
2021,OCT,THUNDER BAY,133
2021,OCT,TILLSONBURG,31
2021,OCT,TIMMINS,37
2021,OCT,TORONTO,1792
2021,OCT,TRENT HILLS,15
2021,OCT,TWEED,7
2021,OCT,UXBRIDGE,16
2021,OCT,VAUGHAN,95
2021,OCT,WASAGA BEACH,10
2021,OCT,WATERLOO,40
2021,OCT,WELLAND,65
2021,OCT,WELLINGTON NORTH,9
2021,OCT,WEST GREY,8
2021,OCT,WEST NIPISSING,16
2021,OCT,WEST PERTH,7
2021,OCT,WHITBY,50
2021,OCT,WHITCHURCH-STOUFFVILLE,14
2021,OCT,WILMOT,7
2021,OCT,WINDSOR,242
2021,OCT,WOODSTOCK,62
2021,OCT,WOOLWICH,9
2021,NOV,AJAX,63
2021,NOV,ALFRED PLANTAGENET,9
2021,NOV,AMHERSTBURG,9
2021,NOV,ARNPRIOR,13
2021,NOV,AURORA,16
2021,NOV,BANCROFT,14
2021,NOV,BARRIE,156
2021,NOV,BELLEVILLE,98
2021,NOV,BRACEBRIDGE,15
2021,NOV,BRADFORD WEST GWILLIMBURY,6
2021,NOV,BRAMPTON,203
2021,NOV,BRANT,11
2021,NOV,BRANTFORD,121
2021,NOV,BRIGHTON,8
2021,NOV,BROCK,10
2021,NOV,BROCKTON,8
2021,NOV,BROCKVILLE,48
2021,NOV,BURLINGTON,148
2021,NOV,CALEDON,22
2021,NOV,CAMBRIDGE,91
2021,NOV,CARLETON PLACE,15
2021,NOV,CAVAN-MONAGHAN,10
2021,NOV,CENTRAL HURON,8
2021,NOV,CENTRE WELLINGTON,27
2021,NOV,CHATHAM-KENT,100
2021,NOV,CLARENCE-ROCKLAND,8
2021,NOV,CLARINGTON,39
2021,NOV,CLEARVIEW,7
2021,NOV,COBOURG,30
2021,NOV,COLLINGWOOD,45
2021,NOV,CORNWALL,77
2021,NOV,DRYDEN,11
2021,NOV,DYSART ET AL,18
2021,NOV,ELLIOT LAKE,15
2021,NOV,ESPANOLA,7
2021,NOV,ESSEX,7
2021,NOV,FORT ERIE,34
2021,NOV,FORT FRANCES,12
2021,NOV,GANANOQUE,6
2021,NOV,GEORGINA,10
2021,NOV,GODERICH,9
2021,NOV,GRAVENHURST,11
2021,NOV,GREATER NAPANEE,25
2021,NOV,GREATER SUDBURY,185
2021,NOV,GREY HIGHLANDS,7
2021,NOV,GRIMSBY,31
2021,NOV,GUELPH,99
2021,NOV,HALDIMAND COUNTY,35
2021,NOV,HALTON HILLS,36
2021,NOV,HAMILTON,498
2021,NOV,HAMILTON TWP,14
2021,NOV,HANOVER,10
2021,NOV,HAWKESBURY,31
2021,NOV,HEARST,8
2021,NOV,HUNTSVILLE,32
2021,NOV,HURON EAST,7
2021,NOV,INGERSOLL,13
2021,NOV,INNISFIL,14
2021,NOV,KAPUSKASING,10
2021,NOV,KAWARTHA LAKES,79
2021,NOV,KENORA,25
2021,NOV,KINCARDINE,11
2021,NOV,KING,6
2021,NOV,KINGSTON,157
2021,NOV,KINGSVILLE,8
2021,NOV,KIRKLAND LAKE,17
2021,NOV,KITCHENER,212
2021,NOV,LEAMINGTON,40
2021,NOV,LINCOLN,10
2021,NOV,LONDON,379
2021,NOV,LOYALIST,10
2021,NOV,MADAWASKA VALLEY,12
2021,NOV,MARKHAM,121
2021,NOV,MEAFORD,13
2021,NOV,MIDDLESEX CENTRE,7
2021,NOV,MIDLAND,45
2021,NOV,MILTON,43
2021,NOV,MINDEN HILLS,7
2021,NOV,MINTO,18
2021,NOV,MISSISSAUGA,344
2021,NOV,MISSISSIPPI MILLS,11
2021,NOV,MUSKOKA LAKES,6
2021,NOV,NE MANITOULIN  AND THE ISLANDS,6
2021,NOV,NEW TECUMSETH,37
2021,NOV,NEWMARKET,116
2021,NOV,NIAGARA FALLS,95
2021,NOV,NIAGARA-ON-THE-LAKE,7
2021,NOV,NORFOLK COUNTY,48
2021,NOV,NORTH BAY,60
2021,NOV,NORTH DUNDAS,21
2021,NOV,NORTH GLENGARRY,14
2021,NOV,NORTH PERTH,9
2021,NOV,OAKVILLE,126
2021,NOV,ORANGEVILLE,29
2021,NOV,ORILLIA,43
2021,NOV,OSHAWA,177
2021,NOV,OTTAWA,694
2021,NOV,OWEN SOUND,50
2021,NOV,PARRY SOUND,20
2021,NOV,PELHAM,8
2021,NOV,PEMBROKE,24
2021,NOV,PENETANGUISHENE,13
2021,NOV,PERTH,17
2021,NOV,PETERBOROUGH,144
2021,NOV,PETROLIA,9
2021,NOV,PICKERING,24
2021,NOV,PORT COLBORNE,14
2021,NOV,PORT HOPE,16
2021,NOV,POWASSAN,8
2021,NOV,PRESCOTT,7
2021,NOV,PRINCE EDWARD,32
2021,NOV,QUINTE WEST,49
2021,NOV,RENFREW,27
2021,NOV,RICHMOND HILL,120
2021,NOV,RUSSELL,9
2021,NOV,SARNIA,89
2021,NOV,SAUGEEN SHORES,15
2021,NOV,SAULT STE MARIE,102
2021,NOV,SCUGOG,19
2021,NOV,SEVERN,17
2021,NOV,SMITHS FALLS,16
2021,NOV,SOUTH BRUCE PENINSULA,6
2021,NOV,SOUTH HURON,16
2021,NOV,ST CATHARINES,157
2021,NOV,ST MARYS,13
2021,NOV,ST THOMAS,62
2021,NOV,STRATFORD,39
2021,NOV,STRATHROY-CARADOC,24
2021,NOV,TAY VALLEY TWP,7
2021,NOV,TECUMSEH,12
2021,NOV,TEMISKAMING SHORES,23
2021,NOV,THUNDER BAY,153
2021,NOV,THUNDER BAY UNORGANIZED,6
2021,NOV,TILLSONBURG,23
2021,NOV,TIMMINS,38
2021,NOV,TINY,6
2021,NOV,TORONTO,1780
2021,NOV,TRENT HILLS,22
2021,NOV,UXBRIDGE,8
2021,NOV,VAUGHAN,102
2021,NOV,WATERLOO,35
2021,NOV,WELLAND,85
2021,NOV,WELLINGTON NORTH,10
2021,NOV,WEST GREY,9
2021,NOV,WEST NIPISSING,15
2021,NOV,WHITBY,47
2021,NOV,WHITCHURCH-STOUFFVILLE,8
2021,NOV,WHITEWATER REGION,6
2021,NOV,WILMOT,8
2021,NOV,WINDSOR,260
2021,NOV,WOODSTOCK,62
2021,NOV,WOOLWICH,13
2021,DEC,AJAX,73
2021,DEC,AMHERSTBURG,14
2021,DEC,ARNPRIOR,9
2021,DEC,ARRAN-ELDERSLIE,6
2021,DEC,ATHENS,9
2021,DEC,AURORA,14
2021,DEC,BANCROFT,9
2021,DEC,BARRIE,161
2021,DEC,BELLEVILLE,85
2021,DEC,BRACEBRIDGE,9
2021,DEC,BRADFORD WEST GWILLIMBURY,8
2021,DEC,BRAMPTON,225
2021,DEC,BRANT,16
2021,DEC,BRANTFORD,119
2021,DEC,BROCK,6
2021,DEC,BROCKTON,8
2021,DEC,BROCKVILLE,52
2021,DEC,BURLINGTON,144
2021,DEC,CALEDON,26
2021,DEC,CAMBRIDGE,97
2021,DEC,CARLETON PLACE,15
2021,DEC,CAVAN-MONAGHAN,9
2021,DEC,CENTRAL HURON,7
2021,DEC,CENTRAL MANITOULIN,7
2021,DEC,CENTRE WELLINGTON,26
2021,DEC,CHATHAM-KENT,113
2021,DEC,CLARINGTON,50
2021,DEC,COBOURG,52
2021,DEC,COLLINGWOOD,47
2021,DEC,CORNWALL,68
2021,DEC,DRYDEN,14
2021,DEC,DYSART ET AL,10
2021,DEC,ELLIOT LAKE,22
2021,DEC,ENNISKILLEN,7
2021,DEC,ESPANOLA,8
2021,DEC,ESSEX,8
2021,DEC,FORT ERIE,21
2021,DEC,FORT FRANCES,14
2021,DEC,GEORGINA,14
2021,DEC,GODERICH,11
2021,DEC,GRAVENHURST,7
2021,DEC,GREATER NAPANEE,25
2021,DEC,GREATER SUDBURY,200
2021,DEC,GREENSTONE,9
2021,DEC,GREY HIGHLANDS,7
2021,DEC,GRIMSBY,35
2021,DEC,GUELPH,114
2021,DEC,HALDIMAND COUNTY,29
2021,DEC,HALTON HILLS,26
2021,DEC,HAMILTON,547
2021,DEC,HAMILTON TWP,11
2021,DEC,HANOVER,17
2021,DEC,HAWKESBURY,21
2021,DEC,HEARST,7
2021,DEC,HUNTSVILLE,32
2021,DEC,HURON EAST,11
2021,DEC,INGERSOLL,7
2021,DEC,KAPUSKASING,10
2021,DEC,KAWARTHA LAKES,102
2021,DEC,KENORA,25
2021,DEC,KINCARDINE,9
2021,DEC,KINGSTON,177
2021,DEC,KINGSVILLE,10
2021,DEC,KIRKLAND LAKE,11
2021,DEC,KITCHENER,269
2021,DEC,LAKESHORE,9
2021,DEC,LAMBTON SHORES,9
2021,DEC,LASALLE,7
2021,DEC,LEAMINGTON,51
2021,DEC,LINCOLN,15
2021,DEC,LONDON,386
2021,DEC,LOYALIST,16
2021,DEC,MADAWASKA VALLEY,9
2021,DEC,MARKHAM,122
2021,DEC,MEAFORD,6
2021,DEC,MIDLAND,42
2021,DEC,MILTON,36
2021,DEC,MINTO,9
2021,DEC,MISSISSAUGA,395
2021,DEC,MISSISSIPPI MILLS,11
2021,DEC,MUSKOKA LAKES,6
2021,DEC,NEW TECUMSETH,30
2021,DEC,NEWBURY,6
2021,DEC,NEWMARKET,116
2021,DEC,NIAGARA FALLS,97
2021,DEC,NIAGARA-ON-THE-LAKE,7
2021,DEC,NORFOLK COUNTY,52
2021,DEC,NORTH BAY,78
2021,DEC,NORTH DUNDAS,18
2021,DEC,NORTH GLENGARRY,14
2021,DEC,NORTH GRENVILLE,13
2021,DEC,NORTH HURON,13
2021,DEC,NORTH PERTH,14
2021,DEC,OAKVILLE,140
2021,DEC,ORANGEVILLE,28
2021,DEC,ORILLIA,64
2021,DEC,ORO-MEDONTE,8
2021,DEC,OSHAWA,216
2021,DEC,OTTAWA,699
2021,DEC,OWEN SOUND,55
2021,DEC,PARRY SOUND,17
2021,DEC,PELHAM,6
2021,DEC,PEMBROKE,32
2021,DEC,PENETANGUISHENE,19
2021,DEC,PERTH,16
2021,DEC,PERTH EAST,6
2021,DEC,PETERBOROUGH,155
2021,DEC,PETROLIA,14
2021,DEC,PICKERING,17
2021,DEC,PORT COLBORNE,10
2021,DEC,PORT HOPE,8
2021,DEC,PRESCOTT,7
2021,DEC,PRINCE EDWARD,25
2021,DEC,QUINTE WEST,29
2021,DEC,RENFREW,19
2021,DEC,RICHMOND HILL,126
2021,DEC,SARNIA,95
2021,DEC,SAUGEEN SHORES,11
2021,DEC,SAULT STE MARIE,115
2021,DEC,SCUGOG,24
2021,DEC,SEVERN,16
2021,DEC,SHELBURNE,8
2021,DEC,SMITHS FALLS,25
2021,DEC,SOUTH BRUCE PENINSULA,13
2021,DEC,SOUTH HURON,13
2021,DEC,SOUTH STORMONT,10
2021,DEC,ST CATHARINES,159
2021,DEC,ST MARYS,11
2021,DEC,ST THOMAS,59
2021,DEC,STIRLING-RAWDON,8
2021,DEC,STRATFORD,41
2021,DEC,STRATHROY-CARADOC,20
2021,DEC,TAY VALLEY TWP,10
2021,DEC,TEMISKAMING SHORES,19
2021,DEC,THUNDER BAY,163
2021,DEC,TILLSONBURG,28
2021,DEC,TIMMINS,43
2021,DEC,TORONTO,1919
2021,DEC,TRENT HILLS,17
2021,DEC,UXBRIDGE,15
2021,DEC,VAUGHAN,102
2021,DEC,WASAGA BEACH,9
2021,DEC,WATERLOO,38
2021,DEC,WELLAND,71
2021,DEC,WELLINGTON NORTH,20
2021,DEC,WEST GREY,7
2021,DEC,WEST NIPISSING,17
2021,DEC,WEST PERTH,6
2021,DEC,WHITBY,44
2021,DEC,WHITCHURCH-STOUFFVILLE,20
2021,DEC,WHITEWATER REGION,6
2021,DEC,WILMOT,7
2021,DEC,WINDSOR,261
2021,DEC,WOODSTOCK,61
2021,DEC,WOOLWICH,8
